trackName,artistName,danceability,energy,key,loudness,speechiness,acousticness,mode,instrumentalness,liveness,valence,tempo
Sonic Forest (Déjame Respirar),Monte,0.793,0.812,3,-6.749,0.0944,0.224,0,1.79e-05,0.1,0.532,105.005
Emptiness and Aitebar - Live,Abdullah Qureshi,0.29,0.459,3,-8.89,0.0274,0.318,1,1.92e-05,0.699,0.166,143.144
Renegades,X Ambassadors,0.526,0.862,2,-6.003,0.0905,0.0144,1,0.0597,0.229,0.528,90.052
Death Row,Ninja,0.629,0.553,0,-9.059,0.243,0.0558,0,0.0,0.173,0.57,175.675
Let It Happen,Tame Impala,0.602,0.881,1,-5.875,0.0443,0.00462,0,0.0266,0.111,0.577,125.012
Waxing - Stand Up Comedy ft. Anubhav Singh Bassi,StandupComedyForAll ,0.46,0.826,5,-11.218,0.894,0.899,0,0.0,0.73,0.654,86.592
THE SHADE,Rex Orange County,0.898,0.509,5,-7.973,0.062,0.391,1,0.0,0.0876,0.727,119.869
The Less I Know The Better,Tame Impala,0.64,0.74,4,-4.083,0.0284,0.0115,1,0.00678,0.167,0.785,116.879
Tear in My Heart,Twenty One Pilots,0.655,0.632,2,-4.802,0.0489,0.0189,1,0.0,0.0722,0.447,120.113
Kabira,Pritam,0.59,0.555,2,-6.861,0.0271,0.481,1,0.0,0.192,0.191,84.027
Mary Kom - From Breaking Stereotypes To Winning World Championships | Darr Ke Aage Jeet Hai | TRSH,The Ranveer Show हिंदी,0.697,0.833,11,-7.48,0.0447,0.0144,0,7.93e-06,0.111,0.541,98.99
Singh Naal Jodi,Sukshinder Shinda,0.623,0.922,1,-3.41,0.11,0.326,1,0.0,0.774,0.876,83.422
These Days,Wallows,0.73,0.748,6,-4.371,0.152,0.0936,0,0.0,0.282,0.694,155.861
Hurt Somebody,Noah Kahan,0.638,0.51,1,-6.485,0.305,0.344,1,0.0,0.212,0.448,114.576
Zindagi Kuch Toh Bata (Reprise),Pritam,0.528,0.615,5,-7.118,0.0372,0.491,1,0.000111,0.104,0.225,123.988
Ep 20 - Animal Psychology,Mind your Buffalo,0.406,0.921,0,-7.045,0.724,0.822,0,0.888,0.162,0.343,82.501
Can I Call You Tonight?,Dayglow,0.641,0.842,9,-7.27,0.0292,0.134,1,0.911,0.419,0.499,129.978
Aradhya,Hesham Abdul Wahab,0.608,0.73,2,-5.687,0.0358,0.642,1,0.000102,0.0994,0.378,107.962
Scare Me (feat. Karra),LUM!X,0.715,0.879,2,-4.632,0.368,0.0166,0,0.0,0.0968,0.302,134.97
"Teri Hogaiyaan - From ""Broken But Beautiful Season 2""",Vishal Mishra,0.404,0.43,5,-8.313,0.0336,0.779,1,0.000172,0.0941,0.51,106.322
Prema O Premaa,Sid Sriram,0.389,0.591,0,-3.61,0.045,0.438,0,0.000418,0.217,0.32,179.992
Here Too Far,Beta Radio,0.516,0.0971,5,-20.081,0.0559,0.974,1,0.951,0.108,0.46,107.037
Mardy Bum,Arctic Monkeys,0.634,0.599,2,-5.447,0.0365,0.0288,1,0.0,0.197,0.312,112.215
3 Nights,Dominic Fike,0.815,0.518,7,-6.594,0.0897,0.223,0,0.0,0.104,0.877,151.891
Main Rang Sharbaton Ka,Atif Aslam,0.631,0.631,6,-6.934,0.0307,0.693,1,0.0,0.133,0.697,89.975
Aise Kyun,Anurag Saikia,0.395,0.378,3,-9.743,0.0443,0.88,1,0.0879,0.105,0.286,152.204
Gulabi Pagg,Diljit Dosanjh,0.638,0.874,4,-2.941,0.115,0.195,0,0.0,0.308,0.686,80.88
Through and Through,khai dreams,0.851,0.424,6,-9.307,0.0463,0.383,1,0.0,0.0843,0.591,94.927
Désolé (feat. Fatoumata Diawara) - Extended Version,Gorillaz,0.73,0.688,4,-7.912,0.028,0.337,0,0.229,0.0727,0.861,136.002
Khud Se,Osho Jain,0.511,0.4,7,-7.971,0.0242,0.898,1,0.000985,0.168,0.236,95.025
LAIDBACK,RAT BOY,0.487,0.97,9,-3.156,0.0729,0.00229,0,0.0,0.0559,0.815,89.928
"Dilbar (From ""Satyameva Jayate"")",Neha Kakkar,0.725,0.912,9,-3.665,0.0851,0.155,0,7.68e-05,0.107,0.674,104.054
Buttabomma,Armaan Malik,0.666,0.644,11,-8.964,0.145,0.753,0,0.000262,0.124,0.89,115.1
R U Mine?,Arctic Monkeys,0.288,0.758,6,-5.692,0.0371,0.00616,0,0.0,0.303,0.619,97.094
2024,Cage The Elephant,0.392,0.984,10,-3.384,0.196,2.32e-05,0,0.0096,0.131,0.237,90.515
Flowers,Johnnyswim,0.706,0.691,0,-4.775,0.0633,0.0584,1,6.99e-05,0.0232,0.632,118.048
Laung Gawacha,Nucleya,0.573,0.9,0,-4.855,0.0368,0.00498,0,0.00932,0.0952,0.415,91.988
Kansas,Gorillaz,0.641,0.792,7,-6.453,0.0272,0.0725,1,0.513,0.175,0.67,87.069
Lotus Eater,Foster The People,0.597,0.733,11,-4.727,0.11,0.00457,0,0.00191,0.501,0.866,87.479
Ho Hey,The Lumineers,0.682,0.471,0,-9.182,0.0301,0.765,1,0.0,0.0908,0.421,79.907
Naalo Chilipi Kala (Theme Song),Yazin Nizar,0.805,0.501,6,-5.243,0.0514,0.589,0,2.86e-05,0.429,0.707,84.999
"Sweet Dreams, TN",The Last Shadow Puppets,0.282,0.566,11,-6.924,0.0291,0.000878,0,0.0,0.38,0.477,112.362
Dilnawaz,The Local Train,0.496,0.568,4,-7.968,0.0333,0.217,0,1.69e-05,0.094,0.236,88.918
Obsessed,Riar Saab,0.798,0.74,5,-4.099,0.0861,0.616,0,0.0,0.084,0.851,134.932
Jeena Jeena,Atif Aslam,0.682,0.344,5,-8.567,0.0281,0.789,1,0.0,0.121,0.548,104.984
If You’re Too Shy (Let Me Know),The 1975,0.64,0.628,2,-6.091,0.0324,0.0157,1,0.0382,0.0916,0.235,125.648
Ayee,Harnoor,0.869,0.521,11,-9.376,0.162,0.567,0,0.0,0.101,0.485,94.981
Sicko Mode - Piano Acoustic,Tyler Ward,0.692,0.438,6,-6.685,0.057,0.716,0,0.0,0.104,0.356,75.01
Scar Tissue,Red Hot Chili Peppers,0.437,0.717,0,-4.803,0.039,0.0779,1,0.00274,0.108,0.547,178.085
Psycho,Sara Farell,0.716,0.22,5,-10.09,0.0317,0.9,1,0.0,0.11,0.352,105.921
Young Blood - Acoustic,Noah Kahan,0.691,0.231,11,-10.512,0.0471,0.815,1,0.0,0.103,0.298,85.153
Survivors - Acoustic,Passenger,0.535,0.281,9,-9.852,0.0291,0.75,0,0.0,0.109,0.145,149.052
Clash,Diljit Dosanjh,0.693,0.593,9,-8.506,0.217,0.0187,0,1.09e-06,0.407,0.688,165.924
F&MU,Kehlani,0.717,0.597,10,-4.465,0.0838,0.383,1,0.0,0.14,0.44,77.048
Loving Is Easy,Rex Orange County,0.756,0.609,3,-7.927,0.0544,0.217,1,0.00482,0.0959,0.537,117.024
Dior,Shubh,0.967,0.362,5,-11.374,0.159,0.514,0,0.00637,0.124,0.633,115.974
All We Know,The Chainsmokers,0.662,0.586,0,-8.821,0.0307,0.097,1,0.00272,0.115,0.296,90.0
The Sound of Silence,Disturbed,0.535,0.225,6,-13.865,0.0301,0.869,1,1.57e-06,0.0988,0.338,107.384
Snap Out Of It,Arctic Monkeys,0.728,0.638,5,-6.455,0.0336,0.249,0,0.0,0.116,0.872,130.014
My Kind of Woman,Mac DeMarco,0.501,0.765,6,-7.063,0.0281,0.00294,0,0.49,0.184,0.46,91.771
Thillele (Irular Tribe Festival Song),Yadav,0.774,0.654,8,-9.24,0.23,0.0204,1,0.0044,0.889,0.562,139.962
Lemonade,Diljit Dosanjh,0.789,0.744,1,-7.245,0.0414,0.281,1,0.0,0.0763,0.783,143.998
bellyache,Billie Eilish,0.695,0.573,4,-8.597,0.106,0.46,0,0.0734,0.482,0.408,99.939
Nobody,Martin Jensen,0.398,0.717,0,-5.253,0.0398,0.07,1,0.0,0.085,0.487,117.296
Khamoshiyan,Jeet Gannguli,0.527,0.521,2,-6.837,0.0272,0.631,0,0.0,0.158,0.266,143.892
The Reason,Hoobastank,0.472,0.671,4,-4.649,0.029,0.0129,1,0.0,0.159,0.0681,82.952
Puthiyoru Lokam,Hesham Abdul Wahab,0.564,0.685,3,-7.587,0.0533,0.818,1,0.0725,0.338,0.463,98.0
When You Love Someone,James TW,0.675,0.444,7,-6.067,0.028,0.248,1,0.0,0.0531,0.356,125.884
Asal Mein,Darshan Raval,0.656,0.551,8,-6.43,0.0299,0.721,1,1.26e-06,0.0947,0.329,114.106
The Moon Song,beabadoobee,0.626,0.0654,0,-17.089,0.0405,0.994,1,0.000662,0.106,0.724,95.303
Game Of Thrones: The Night King Theme: Season 8,Geek Music,0.182,0.0651,10,-16.341,0.0462,0.942,1,0.886,0.111,0.038,60.812
Ōeyama no Tsuki,Japanese Folk Metal,0.467,0.99,9,-3.248,0.1,0.00105,0,2.52e-06,0.211,0.437,94.41
Be My Mistake,The 1975,0.572,0.155,6,-14.405,0.0344,0.835,1,0.000137,0.0906,0.0949,109.923
Drums Of Liberation Theme - Epic Version,Carameii,0.616,0.96,10,-8.083,0.064,0.109,0,0.773,0.103,0.203,116.011
Used To Love,Alfie Templeman,0.651,0.693,4,-4.722,0.0375,0.458,1,0.0,0.335,0.392,118.97
Do You Know,Diljit Dosanjh,0.697,0.796,1,-3.685,0.0742,0.155,0,0.0,0.162,0.312,85.002
Coffee,beabadoobee,0.532,0.137,9,-18.208,0.0717,0.982,1,0.962,0.112,0.301,118.734
Hollowed,Blind Ego,0.313,0.882,0,-6.215,0.0355,0.0346,1,0.338,0.45,0.3,103.981
Wishes,Hasan Raheem,0.684,0.531,9,-7.037,0.0523,0.669,0,0.013,0.135,0.613,100.014
Nee Singam Dhan,A.R. Rahman,0.539,0.534,5,-8.31,0.0306,0.23,1,4.83e-05,0.364,0.435,142.461
Dil Julaha,Pritam,0.809,0.727,6,-7.695,0.0563,0.574,1,9.6e-05,0.128,0.96,112.007
Westcoast Collective,Dominic Fike,0.682,0.571,1,-7.169,0.0271,0.542,0,0.00757,0.339,0.539,91.97
Farda,Bayaan,0.538,0.726,0,-6.222,0.0373,0.00956,1,2.79e-06,0.104,0.323,104.925
Baby I'm Yours,Arctic Monkeys,0.462,0.595,2,-9.363,0.0347,0.215,1,0.0,0.184,0.64,113.719
Ask - 2011 Remaster,The Smiths,0.453,0.986,7,-5.768,0.119,0.387,1,0.0,0.422,0.455,166.594
The Prologue 1915-1923,Randy Newman,0.0955,0.0446,0,-24.823,0.0468,0.953,1,0.915,0.069,0.0474,70.302
Phir Na Aisi Raat Aayegi,Pritam,0.435,0.418,1,-7.915,0.0295,0.903,0,0.0,0.1,0.212,128.049
Blood In The Cut,K.Flay,0.77,0.655,2,-5.369,0.0316,0.118,1,0.0234,0.125,0.639,129.964
Turn,The Wombats,0.54,0.842,1,-3.926,0.05,0.0075,1,0.0,0.0915,0.377,105.011
Home Again,Michael Brook,0.564,0.32,9,-11.473,0.0306,0.706,0,0.0,0.123,0.266,85.891
Late Night Song,The Lightyears Explode,0.733,0.37,11,-9.172,0.0385,0.0965,0,0.0,0.116,0.329,149.938
With You,AP Dhillon,0.78,0.744,2,-4.773,0.0298,0.161,1,0.0011,0.201,0.925,116.978
"Ajay Devgn Opens Up On His Bollywood Career, Family Life & Success | The Ranveer Show 196",The Ranveer Show,0.558,0.572,3,-7.723,0.0429,0.257,0,0.000564,0.0689,0.337,94.105
Take It Easy - 2013 Remaster,Eagles,0.575,0.67,7,-10.39,0.0318,0.343,1,4.95e-06,0.129,0.74,139.191
Charlie Speaks,Michael Brook,0.175,0.00999,0,-26.604,0.0414,0.99,1,0.967,0.094,0.0681,81.702
1: How the True World Finally Became a Fable,The Nietzsche Podcast,0.401,0.239,7,-11.516,0.0274,0.186,1,0.00207,0.331,0.162,97.089
Pillaa Raa,Anurag Kulkarni,0.414,0.591,9,-7.568,0.136,0.623,1,9.94e-06,0.229,0.62,185.922
Dil Mere,The Local Train,0.655,0.473,8,-9.806,0.0267,0.842,1,0.032,0.167,0.572,92.964
Alexandra,Reality Club,0.382,0.355,9,-10.025,0.0336,0.745,1,2.65e-06,0.248,0.146,138.419
Ruthless,Shubh,0.777,0.375,11,-12.612,0.285,0.0212,0,4.96e-05,0.137,0.329,143.078
Sick Boy,Darnell Smith,0.663,0.577,11,-7.518,0.0531,0.109,0,0.0,0.12,0.454,89.996
Mann Ki Lagan,Rahat Fateh Ali Khan,0.641,0.484,9,-13.294,0.0385,0.452,1,0.00196,0.269,0.783,147.875
No Buses,Arctic Monkeys,0.481,0.524,4,-9.051,0.0369,0.155,1,0.000147,0.0523,0.425,101.883
Killer Queen - Remastered 2011,Queen,0.535,0.651,10,-6.326,0.0544,0.391,1,0.0,0.133,0.612,117.218
Little Talks,Julia Sheer,0.637,0.263,5,-9.094,0.0399,0.873,0,0.0,0.164,0.487,97.423
"Dr. Kumar Vishwas - Zindagi Mein Badlaav, Yoga, Dhyaan & Spirituality | The Ranveer Show हिंदी 222",The Ranveer Show हिंदी,0.616,0.507,1,-9.599,0.5,0.919,1,0.0,0.701,0.589,96.803
Chamkeela Angeelesi,Santhosh Narayanan,0.871,0.56,6,-4.524,0.193,0.464,0,0.0,0.0461,0.828,95.004
Moon Child,The F16s,0.606,0.713,9,-5.987,0.0314,0.0568,1,0.00262,0.0814,0.549,120.016
Evil,Interpol,0.489,0.769,5,-3.524,0.038,0.00135,1,0.56,0.0727,0.637,128.985
Courtside,Tim Atlas,0.71,0.83,0,-7.208,0.03,0.0518,1,0.00523,0.353,0.936,129.02
Episode 1 - Introduction - The Power of Your Subconscious Mind,The Power of Your Subconscious Mind - Chapter by Chapter readings,0.724,0.323,3,-14.867,0.886,0.494,0,0.0,0.367,0.35,117.53
Promiscuous,Nelly Furtado,0.808,0.97,10,-6.098,0.0506,0.0569,0,6.13e-05,0.154,0.868,114.328
"Baby Ko Bass Pasand Hai (From ""Sultan"")",Vishal-Shekhar,0.861,0.75,8,-6.657,0.0797,0.034,1,3.65e-05,0.0381,0.832,116.984
Waqt Ki Baatein,Dream Note,0.556,0.202,4,-16.397,0.0324,0.915,1,0.0381,0.112,0.2,145.017
風来,SAKUMAMATATA,0.875,0.867,5,-5.333,0.126,0.059,1,7.97e-06,0.0499,0.95,104.003
You're The One That I Want,Lo-Fang,0.445,0.309,11,-12.517,0.0404,0.643,0,0.000369,0.224,0.153,119.754
Jashn-E-Bahaaraa,A.R. Rahman,0.7,0.343,2,-10.474,0.0308,0.767,1,0.0,0.0789,0.488,137.864
Drive Home,Steven Wilson,0.447,0.343,2,-11.625,0.0311,0.0419,1,0.329,0.102,0.0777,123.904
Liggi,Ritviz,0.786,0.667,5,-8.272,0.054,0.0112,1,0.053,0.074,0.688,102.046
Unbelievable INDIAN Ancient Stories - History Special ft. Abhijit Chavda | The Ranveer Show हिंदी 66,The Ranveer Show हिंदी,0.422,0.552,6,-8.347,0.036,0.661,1,0.217,0.116,0.236,139.892
TERE TE,AP Dhillon,0.692,0.488,7,-10.96,0.135,0.0508,0,0.0,0.154,0.299,171.9
Emosanal Attyachaar (Brass Band Version),Band Master Rangeela,0.806,0.56,7,-8.185,0.121,0.36,1,0.0,0.235,0.624,109.918
1. The East India Company,Empire,0.322,0.567,0,-13.842,0.0473,0.547,1,4.39e-05,0.0492,0.965,186.192
Hot Rod,Dayglow,0.707,0.768,7,-7.072,0.0323,0.0279,1,0.000292,0.169,0.832,139.985
Mera Deewanapan,Dr Zeus,0.84,0.892,3,-3.752,0.0457,0.0117,0,0.0,0.23,0.892,104.006
Withorwithout,Parcels,0.803,0.662,0,-8.073,0.0308,0.642,1,0.901,0.151,0.814,105.012
Sometimes,Miami Horror,0.792,0.448,6,-12.202,0.236,0.198,0,0.0,0.103,0.483,140.004
My Heart,Christopher,0.842,0.93,9,-8.328,0.0949,0.209,0,1.42e-05,0.104,0.77,130.0
Meri Tum Ho,Pritam,0.529,0.424,11,-13.155,0.0412,0.904,1,0.000179,0.09,0.458,81.984
After You,Meghan Trainor,0.845,0.644,6,-5.157,0.097,0.215,1,1.21e-06,0.103,0.656,140.001
Duniya,Amit Trivedi,0.435,0.658,7,-5.949,0.0368,0.699,0,0.0,0.125,0.524,77.17
#401 - Jaivir Singh,ON AIR,0.768,0.727,7,-7.31,0.142,0.229,1,0.0,0.127,0.591,95.019
Chali Aayee,K. S. Chithra,0.667,0.814,2,-5.587,0.155,0.274,1,2.37e-05,0.319,0.632,172.366
Nahin Milta,Bayaan,0.325,0.378,10,-12.695,0.0436,0.856,1,0.000412,0.102,0.242,119.691
"Leke Prabhu Ka Naam (From ""Tiger 3"")",Pritam,0.715,0.887,4,-7.103,0.0542,0.299,1,3.94e-06,0.289,0.909,115.982
Beautiful Japanese Song 1,arachang,0.499,0.66,0,-9.12,0.0278,0.412,1,0.679,0.186,0.269,171.99
The architects behind Australia's shock defeat of India,The ICC Review,0.569,0.469,2,-12.931,0.0314,0.81,0,0.819,0.0908,0.285,128.041
California Love,Cheema Y,0.648,0.609,1,-6.467,0.314,0.126,0,2.28e-06,0.107,0.405,177.981
Latoo,Shreya Ghoshal,0.813,0.827,10,-10.555,0.154,0.05,0,0.00236,0.0593,0.768,111.355
Seven Nation Army,The White Stripes,0.743,0.446,4,-7.807,0.0683,0.0039,0,0.118,0.337,0.278,123.596
California Dreamin' - Single Version,The Mamas & The Papas,0.552,0.608,1,-9.786,0.0345,0.352,0,0.0,0.0533,0.637,112.367
Laapata,Sohail Sen,0.726,0.946,11,-6.49,0.046,0.216,0,0.0169,0.163,0.869,108.021
"Ram Siya Ram (From ""Adipurush"")",Sachet-Parampara,0.426,0.617,1,-6.377,0.0278,0.599,0,6.25e-05,0.181,0.52,81.982
Kodomo No Uta Medorei (Children's Songs Medley I),Joji Hirota,0.236,0.29,2,-13.022,0.0347,0.806,0,0.0168,0.153,0.0903,114.646
OG,Shubh,0.82,0.396,1,-11.248,0.255,0.00948,1,0.026,0.0977,0.244,150.0
"Maruvaarthai (From ""Enai Noki Paayum Thota"")",Darbuka Siva,0.565,0.715,8,-7.254,0.0309,0.00888,1,2.85e-05,0.103,0.278,128.004
Inkem Inkem Inkem Kaavaale,Sid Sriram,0.811,0.537,4,-5.508,0.0478,0.412,1,1.3e-06,0.083,0.57,136.943
New Gold (feat. Tame Impala and Bootie Brown),Gorillaz,0.695,0.923,1,-3.93,0.0522,0.0425,0,0.0469,0.116,0.551,108.014
Raabta,Pritam,0.657,0.581,0,-8.108,0.0298,0.699,1,1.82e-05,0.116,0.323,118.037
The 1975,The 1975,0.621,0.692,4,-6.858,0.0291,0.000363,1,1.75e-05,0.335,0.381,99.806
Walk With Me,Måns Zelmerlöw,0.708,0.316,10,-9.507,0.0671,0.447,1,0.00023,0.079,0.652,81.403
Malang Sajna,Sachet Tandon,0.739,0.716,10,-4.964,0.037,0.232,1,0.0,0.33,0.871,113.943
Rebel Rebel - 2016 Remaster,David Bowie,0.635,0.686,9,-15.648,0.053,0.209,1,0.0176,0.282,0.464,125.988
SPAIN,Jassa Dhillon,0.73,0.673,6,-6.625,0.0685,0.324,1,0.0201,0.098,0.563,90.058
Superman,Eminem,0.802,0.755,4,-3.138,0.0564,0.0215,0,0.0,0.295,0.58,130.027
Square-Circle,The Black Noodle Project,0.445,0.791,6,-5.457,0.0803,0.0607,0,1.17e-06,0.379,0.155,160.01
Aye Udi Udi Udi,A.R. Rahman,0.721,0.375,5,-16.621,0.0683,0.0278,1,0.0,0.112,0.556,87.953
I Don't Want to Talk,Wallows,0.461,0.908,7,-3.222,0.0768,0.0133,1,1.4e-06,0.309,0.636,162.042
Mann Mera,Gajendra Verma,0.535,0.765,1,-7.862,0.0444,0.054,0,0.0,0.0921,0.373,191.827
You Said You'd Grow Old With Me,Michael Schulte,0.531,0.347,0,-7.044,0.0345,0.905,1,0.0,0.0935,0.289,114.441
Cloud9,Allocai,0.59,0.718,10,-5.51,0.0296,0.0124,0,3.73e-06,0.0668,0.373,134.044
Christmas Lectures: Waking Up in the Universe Part 01,The Poetry of Reality with Richard Dawkins,0.315,0.418,7,-9.146,0.0299,0.131,1,0.000679,0.0836,0.237,129.116
Kahani,Pritam,0.577,0.379,11,-13.235,0.0374,0.909,1,0.000586,0.0986,0.26,139.585
A Gallant Gentleman,We Lost The Sea,0.351,0.159,1,-13.163,0.0349,0.401,1,0.955,0.0961,0.126,110.061
Everybody Talks,Neon Trees,0.471,0.924,8,-3.906,0.0586,0.00301,1,0.0,0.313,0.725,154.961
Lover,Diljit Dosanjh,0.827,0.587,9,-5.531,0.113,0.203,0,0.0,0.0727,0.774,119.936
Sarkar,Jaura Phagwara,0.69,0.399,8,-11.202,0.0576,0.202,1,0.0,0.247,0.311,89.975
Babydoll,Dominic Fike,0.762,0.604,7,-5.296,0.11,0.114,0,0.0,0.0271,0.847,168.007
New Slang - 2021 Remaster,The Shins,0.67,0.403,0,-10.623,0.031,0.753,1,0.0903,0.0858,0.622,129.984
Walk Me Home,P!nk,0.4,0.485,8,-7.145,0.0369,0.0789,0,0.0,0.135,0.211,159.909
Freaking Out the Neighborhood,Mac DeMarco,0.565,0.832,8,-5.751,0.108,0.0638,0,0.0288,0.386,0.847,143.303
Ishq Wala Love,Vishal-Shekhar,0.711,0.295,0,-12.377,0.0334,0.534,0,4.51e-05,0.0782,0.694,135.041
Her,Shubh,0.676,0.447,11,-8.827,0.0942,0.201,0,0.0,0.135,0.567,84.715
Two Punks In Love,bülow,0.498,0.418,0,-6.294,0.0539,0.881,1,0.0,0.113,0.796,190.078
Why,Dominic Fike,0.82,0.785,5,-4.003,0.158,0.59,0,1.79e-05,0.372,0.894,140.013
Yaen Ennai Pirindhaai - Male,Sid Sriram,0.563,0.432,1,-7.862,0.0278,0.818,1,7.61e-06,0.119,0.348,76.499
Candace,Michael Brook,0.547,0.815,2,-2.824,0.0532,0.141,1,0.0,0.313,0.911,170.018
RICH DAD POOR DAD IN HINDI - Ep 1,RICH DAD POOR DAD IN HINDI,0.628,0.15,10,-17.92,0.954,0.771,1,0.0,0.159,0.384,82.068
No Promises (feat. Demi Lovato),Cheat Codes,0.741,0.667,10,-5.445,0.134,0.0575,1,0.0,0.106,0.595,112.956
Zinda,Amit Trivedi,0.493,0.418,9,-9.693,0.0261,0.436,1,0.102,0.104,0.22,89.982
DARE,Gorillaz,0.76,0.891,11,-5.852,0.0372,0.0229,0,0.0869,0.298,0.966,120.264
"Chaleya (From ""Jawan"")",Anirudh Ravichander,0.575,0.845,0,-5.28,0.0852,0.393,1,0.0107,0.131,0.439,95.047
"Vicky Kaushal - Early Life Struggles, Engineering And An Actor’s Life | Darr Ke Aage Jeet Hai | TRSH",The Ranveer Show हिंदी,0.762,0.717,7,-8.316,0.0372,0.315,0,1.87e-05,0.0914,0.958,109.996
Youngblood,Angus & Julia Stone,0.596,0.854,7,-5.114,0.463,0.0169,0,0.0,0.124,0.152,120.274
Softly,Karan Aujla,0.735,0.564,8,-7.786,0.204,0.191,1,0.0,0.0791,0.902,92.986
My Heart is Beating,KK,0.842,0.93,9,-8.328,0.0949,0.209,0,1.42e-05,0.104,0.77,130.0
Jealous,Eyedress,0.439,0.153,1,-8.95,0.0479,0.874,1,0.0,0.107,0.104,116.76
A Thousand Years,Christina Perri,0.421,0.407,10,-7.445,0.0267,0.309,1,0.000961,0.11,0.161,139.028
Starting Up,Mameyudoufu,0.78,0.478,7,-8.76,0.0354,0.44,1,9.03e-05,0.112,0.391,123.992
One Sound One Life,kinohachi,0.341,0.788,2,-7.134,0.0651,0.139,0,0.906,0.106,0.178,145.932
Kahani (Sonu's Version),Pritam,0.464,0.396,1,-10.86,0.0422,0.81,1,7.8e-06,0.0941,0.305,149.933
Reality of Indian Media | Nitish Rajput | Hindi,Nitish Rajput  Podcast,0.718,0.467,8,-11.969,0.13,0.78,1,3.17e-05,0.296,0.42,104.071
"Phir Aur Kya Chahiye (From ""Zara Hatke Zara Bachke"")",Sachin-Jigar,0.556,0.552,4,-5.875,0.0373,0.531,1,0.0,0.121,0.531,100.051
Saiyyan,Kailash Kher,0.473,0.562,0,-8.624,0.0451,0.65,1,0.000117,0.12,0.316,74.653
Cut Me,Chris Medina,0.717,0.447,1,-10.806,0.082,0.255,1,2.5e-06,0.0997,0.624,159.939
Moonrise,Atif Aslam,0.756,0.713,3,-6.91,0.122,0.365,0,0.000153,0.228,0.597,92.039
Shallow,The Hound + The Fox,0.505,0.929,7,-2.657,0.0483,0.000838,1,0.0166,0.0716,0.687,87.041
All of Me,John Legend,0.422,0.264,8,-7.064,0.0322,0.922,1,0.0,0.132,0.331,119.93
Sage Vishwamitra's Wrath,The Ramayana Podcast,0.512,0.372,0,-10.043,0.0836,0.854,1,0.0,0.162,0.565,175.046
Greek Tragedy,The Wombats,0.515,0.869,11,-4.732,0.0672,0.00257,1,2.01e-06,0.21,0.452,93.24
1901,Phoenix,0.59,0.829,0,-5.649,0.0419,0.0601,1,3.99e-05,0.19,0.704,144.099
Main Ki Karaan?,Pritam,0.722,0.415,9,-10.069,0.0406,0.738,1,1.6e-05,0.0903,0.439,117.971
Quarterback,Wallows,0.689,0.719,11,-3.883,0.031,0.0135,1,1.64e-06,0.107,0.557,121.008
Houdini,Foster The People,0.744,0.789,9,-4.876,0.059,0.0036,0,0.00144,0.0947,0.866,116.985
"Channa Mereya (From ""Ae Dil Hai Mushkil"")",Pritam,0.476,0.788,9,-4.821,0.0446,0.237,0,2.49e-05,0.106,0.746,90.066
Falling Down - Bonus Track,Lil Peep,0.669,0.574,4,-6.442,0.0286,0.0175,0,0.00294,0.146,0.273,120.013
"Prune, You Talk Funny",Gus Dapperton,0.571,0.749,10,-7.193,0.0382,0.0177,0,0.00233,0.199,0.579,140.045
Tu Te Sharab,Jordan Sandhu,0.63,0.649,5,-7.181,0.263,0.0245,0,0.0,0.0392,0.621,83.385
Momentary Bliss (feat. slowthai and Slaves),Gorillaz,0.642,0.806,9,-6.73,0.239,0.0845,1,2.24e-05,0.64,0.712,158.059
Badmos Chora,MC SQUARE,0.71,0.813,10,-6.133,0.261,0.0975,0,0.0,0.257,0.796,79.949
Tu Hi Mera,Pritam,0.621,0.859,11,-4.673,0.102,0.546,1,0.0,0.11,0.873,90.047
These Days (feat. Bohemia),Sidhu Moose Wala,0.73,0.748,6,-4.371,0.152,0.0936,0,0.0,0.282,0.694,155.861
Under Pressure,Queen,0.678,0.643,2,-9.316,0.0444,0.24,1,0.0,0.0708,0.534,113.46
White Brown Black,Avvy Sra,0.868,0.748,1,-3.492,0.0951,0.29,0,3.93e-06,0.252,0.829,119.965
Ilzaam,Arjan Dhillon,0.697,0.66,10,-5.459,0.0352,0.472,0,0.0,0.243,0.301,93.011
Nimm Thalle,Jordan Sandhu,0.801,0.578,8,-5.499,0.328,0.251,0,0.0,0.444,0.678,80.086
The Greatest (feat. Kendrick Lamar),Sia,0.668,0.725,1,-6.127,0.266,0.0102,1,0.000479,0.0561,0.729,191.944
Chaap Tilak,Namita Choudhary,0.544,0.679,1,-5.105,0.0456,0.494,0,0.0,0.12,0.388,123.955
Palpita,Camilo,0.834,0.492,4,-8.857,0.179,0.00875,0,1.65e-06,0.0707,0.686,169.502
I Like Me Better,Lauv,0.753,0.505,9,-7.621,0.255,0.534,1,2.58e-06,0.104,0.419,91.972
Mi Amor,Sharn,0.637,0.703,4,-5.297,0.0789,0.53,0,4.23e-06,0.11,0.553,81.99
Have You Ever Seen The Rain,Creedence Clearwater Revival,0.741,0.697,0,-7.028,0.0277,0.0664,1,2.28e-05,0.133,0.774,116.109
"Nashe Si Chadh Gayi (From ""Befikre"")",Vishal-Shekhar,0.847,0.619,9,-8.959,0.0583,0.362,0,0.492,0.347,0.346,97.019
Chamber Of Reflection,Mac DeMarco,0.538,0.557,11,-8.678,0.0914,0.262,1,0.914,0.102,0.506,131.03
Shri Krishna - Part 5 ,Bharat Ke Aslee Superheroes (Hindi Mythology Podcast),0.59,0.632,7,-7.996,0.0376,0.301,1,0.0,0.169,0.345,110.0
Larry Hall : Killer of 40 Girls Who Got Away,SR PAY (True Crime Documentaries),0.477,0.469,0,-10.87,0.142,0.484,0,0.0,0.224,0.656,171.687
Mazaak,Anuv Jain,0.535,0.462,2,-11.291,0.0296,0.79,1,2.07e-06,0.114,0.23,145.959
The Last Ride,Sidhu Moose Wala,0.792,0.647,10,-5.447,0.334,0.0299,0,0.0,0.119,0.638,89.029
Memories,Maroon 5,0.775,0.327,11,-7.241,0.0557,0.841,1,0.0,0.0821,0.595,91.05
For You (With Rita Ora),Liam Payne,0.535,0.8,2,-4.569,0.0342,0.0183,0,0.0,0.421,0.175,113.023
Kashmir,Manan Bhardwaj,0.483,0.615,2,-8.538,0.0497,0.452,1,0.000414,0.0512,0.594,80.576
Moh Moh Ke Dhaage (Male),Anu Malik,0.634,0.344,2,-11.011,0.0288,0.741,1,6.09e-05,0.111,0.409,128.0
Hey Lover!,Wabie,0.586,0.744,4,-10.142,0.0508,0.00614,1,0.000172,0.372,0.523,117.006
"Gulabi Ankhen - From ""The Train""",Mohammed Rafi,0.575,0.746,9,-6.524,0.0695,0.667,1,8.7e-06,0.352,0.731,107.875
Stronger,Kanye West,0.617,0.717,10,-7.858,0.153,0.00564,0,0.0,0.408,0.49,103.992
I'm Not The Only One,Sam Smith,0.677,0.485,5,-5.795,0.0361,0.529,1,2.04e-05,0.0766,0.493,82.001
(Ep 03) @vikasdivyakirti सर ने इतनी पर्सनल बातें कहीं शेयर नहीं की | Josh Talks Hindi,Dr. Vikas Divyakirti Podcast,0.714,0.576,1,-8.32,0.178,0.278,1,0.0,0.372,0.596,159.646
Down the Line,Beach Fossils,0.615,0.743,7,-6.569,0.041,0.237,1,0.00431,0.148,0.528,162.22
Tera Fitoor,Arijit Singh,0.576,0.688,9,-5.136,0.0319,0.346,1,0.0439,0.262,0.726,135.984
Love is a Laserquest,Arctic Monkeys,0.349,0.662,11,-6.873,0.0402,0.00197,1,0.908,0.136,0.554,169.926
Flowers In Your Hair,The Lumineers,0.676,0.609,7,-10.183,0.034,0.753,1,5.85e-05,0.209,0.557,127.45
"Ennadi Maayavi Nee (From ""VadaChennai"")",Santhosh Narayanan,0.373,0.227,0,-13.37,0.0334,0.824,0,0.00212,0.0944,0.253,119.507
Maate Vinadhuga,Sid Sriram,0.631,0.582,11,-9.367,0.0536,0.216,0,0.0,0.17,0.493,159.959
"Guided Sleep Meditation: Forgiveness, Letting Go, Gratitude",Destination Sleep,0.583,0.127,5,-23.665,0.958,0.00796,0,3.52e-06,0.26,0.223,217.773
Can't Go to Hell,Sin Shake Sin,0.642,0.956,4,-2.282,0.0542,0.00222,0,0.0,0.278,0.66,119.991
Aaoge Jab Tum,Rashid Khan,0.645,0.459,6,-9.484,0.0296,0.185,1,0.0,0.132,0.379,119.987
Summerland,Lunatic Soul,0.713,0.804,2,-4.971,0.15,0.258,1,0.0,0.346,0.703,103.881
"Akhar (From ""Lahoriye"" Soundtrack)",Amrinder Gill,0.729,0.614,1,-6.493,0.0379,0.562,1,0.0,0.12,0.563,96.992
Hotel California - 2013 Remaster,Eagles,0.579,0.508,2,-9.484,0.027,0.00574,1,0.000494,0.0575,0.609,147.125
You Might Be Sleeping,Jakob,0.587,0.565,7,-9.249,0.0265,0.731,1,0.341,0.169,0.508,92.604
"Ghodey Pe Sawaar (From ""Qala"")",Amit Trivedi,0.777,0.481,3,-6.127,0.0274,0.794,1,4.23e-05,0.265,0.814,102.003
7 Rings - Acoustic,Tyler Ward,0.73,0.313,1,-6.875,0.0338,0.722,0,0.0,0.139,0.366,63.03
Hawayein,Pritam,0.606,0.601,2,-5.576,0.0283,0.796,1,0.000511,0.127,0.453,125.961
Left Right,Ali Sethi,0.834,0.545,7,-8.024,0.117,0.735,0,0.00152,0.108,0.809,98.041
Aadiyilalo,Masala Coffee,0.409,0.865,7,-5.73,0.0514,0.05,1,0.0,0.0896,0.464,138.007
Everybody Hurts,Sidhu Moose Wala,0.738,0.599,8,-7.102,0.0393,0.434,1,0.0,0.13,0.575,120.052
Oo Antava Oo Oo Antava,Indravathi Chauhan,0.925,0.739,5,-6.724,0.104,0.34,0,0.0733,0.366,0.508,127.97
The Number One Reason You Are Struggling to Change,Psychology In Hindi,0.553,0.85,9,-3.467,0.044,0.0255,1,0.0,0.204,0.737,138.073
Fading Into Grey,Billy Lockett,0.532,0.616,11,-6.306,0.0393,0.756,1,2.37e-05,0.215,0.444,153.95
Cornerstone,Arctic Monkeys,0.287,0.721,9,-5.81,0.0387,0.00764,1,0.0,0.328,0.763,169.252
Torn - Bonus Track,James TW,0.599,0.546,9,-6.459,0.159,0.306,1,0.0,0.119,0.411,95.141
Ram Ram,MC SQUARE,0.72,0.626,8,-6.475,0.0873,0.199,0,0.0,0.358,0.605,100.059
Ek Tarfa,Darshan Raval,0.48,0.615,2,-6.006,0.0328,0.547,0,0.0,0.139,0.33,79.948
Tere Liye,Atif Aslam,0.624,0.906,11,-4.436,0.0514,0.0978,0,0.0,0.0963,0.632,129.99
little light - acoustic version,Lewis Watson,0.67,0.294,7,-8.114,0.0341,0.685,1,0.0,0.147,0.515,119.856
Riptide,Vance Joy,0.484,0.731,1,-6.694,0.0379,0.431,1,0.0,0.151,0.51,101.654
September Song,JP Cooper,0.614,0.615,0,-6.7,0.0444,0.054,0,0.0,0.0921,0.374,95.941
Trucker,Arjan Dhillon,0.704,0.797,11,-3.602,0.154,0.164,0,0.0,0.359,0.79,170.029
Lovebug,Jonas Brothers,0.597,0.5,4,-6.216,0.0579,0.127,1,0.0,0.214,0.522,79.071
Koka,Mankirt Aulakh,0.758,0.78,6,-9.181,0.0459,0.0774,0,0.00769,0.0536,0.83,96.007
Formula,Labrinth,0.574,0.664,11,-6.068,0.0409,0.0448,1,0.0553,0.146,0.226,144.654
"1 – Introduction: Mahabharata, the Great Sanskrit Classic | Swami Tattwamayananda",Bhagavad Gita | The Essence of Vedanta,0.508,0.375,2,-14.811,0.0403,0.925,1,0.89,0.0856,0.0397,148.086
Naive,The Kooks,0.391,0.808,8,-6.209,0.0892,0.0759,0,0.0,0.149,0.737,100.304
Overdose (feat. Chris Brown) - KSUKE Remix,AGNEZ MO,0.283,0.818,8,-4.316,0.106,0.108,1,0.0,0.133,0.346,149.29
Sunflower,Sara Farell,0.76,0.479,2,-5.574,0.0466,0.556,1,0.0,0.0703,0.913,89.911
Take on Me,a-ha,0.573,0.902,6,-7.638,0.054,0.018,0,0.00125,0.0928,0.876,84.412
Armor,Landon Austin,0.528,0.687,8,-6.268,0.0334,0.157,0,0.0,0.0997,0.312,155.953
"Yuvraj Singh - Cricket, Dhoni, Life & Health | Darr Ke Aage Jeet Hai Stories On TRS हिंदी 212",The Ranveer Show हिंदी,0.5,0.715,4,-2.701,0.0938,0.00773,0,0.0,0.0862,0.391,168.089
Pichaak,Varikuppala Yadagiri,0.796,0.673,2,-5.246,0.611,0.883,1,2.1e-06,0.179,0.763,165.929
Ten Feet Tall (Acoustic),Corey Gray,0.523,0.861,0,-3.447,0.0644,0.0336,1,0.0,0.144,0.346,127.049
Doncamatic (feat. Daley),Gorillaz,0.893,0.48,9,-5.493,0.056,0.0903,1,0.0,0.102,0.968,123.98
Desi Kalakaar,Yo Yo Honey Singh,0.751,0.67,0,-4.587,0.267,0.0796,1,0.00018,0.0908,0.766,156.062
God is a Woman,The Mayries,0.602,0.658,1,-5.934,0.0558,0.0233,1,6e-05,0.237,0.268,145.031
Oh Caroline,The 1975,0.646,0.85,2,-5.466,0.0428,0.363,1,4.01e-05,0.0994,0.819,96.538
Episode 1-Rise of the Nazi Party,The History of WWII Podcast - by Ray Harris Jr,0.397,0.923,10,-4.029,0.201,0.00132,0,0.0,0.261,0.676,112.666
1: Season 1 - Introduction,History of the Second World War,0.203,0.0267,10,-24.589,0.0403,0.971,0,0.975,0.112,0.0383,93.331
Gul,Anuv Jain,0.839,0.471,7,-8.926,0.0394,0.375,0,0.000346,0.0853,0.563,104.003
"Sex, Drugs, Etc.",Beach Weather,0.572,0.839,4,-5.083,0.0377,0.013,0,0.00976,0.522,0.465,143.969
Jalaluddin,Gravity,0.6,0.67,7,-7.127,0.138,0.419,0,0.0,0.0968,0.571,120.021
I Wanna Dance with Somebody (Who Loves Me),Erato,0.709,0.824,1,-8.824,0.0453,0.207,1,0.000307,0.0888,0.867,118.818
SLOW DANCING IN THE DARK,Joji,0.515,0.479,3,-7.458,0.0261,0.544,1,0.00598,0.191,0.284,88.964
Say You Won't Let Go,James Arthur,0.358,0.557,10,-7.398,0.059,0.695,1,0.0,0.0902,0.494,85.043
"Mast Magan (From ""2 States"")",Arijit Singh,0.659,0.774,7,-7.014,0.0372,0.606,1,0.000333,0.185,0.883,82.995
Godzilla (feat. Juice WRLD),Eminem,0.808,0.745,10,-5.26,0.342,0.145,0,0.0,0.292,0.829,165.995
Sweet Child O' Mine,Guns N' Roses,0.446,0.952,6,-5.321,0.0523,0.0901,1,0.0857,0.112,0.624,125.303
She Way Out,The 1975,0.62,0.851,4,-4.747,0.0352,0.00421,0,0.0,0.104,0.235,116.984
Teri Tasveer,Bayaan,0.549,0.432,1,-9.741,0.0295,0.655,0,0.227,0.0907,0.229,118.941
Gurjari,MC SQUARE,0.585,0.639,2,-7.052,0.049,0.0592,0,1e-05,0.107,0.106,140.007
Try Me,Karan Aujla,0.627,0.876,1,-4.857,0.0642,0.00601,1,0.0,0.65,0.397,97.244
Bigger Boys and Stolen Sweethearts,Arctic Monkeys,0.494,0.587,9,-7.323,0.0324,0.00518,1,0.0,0.0892,0.605,131.774
The Scientist,Bipolar Sunshine,0.557,0.442,5,-7.224,0.0243,0.731,1,1.46e-05,0.11,0.213,146.277
T-Shirts,James Smith,0.442,0.246,6,-12.825,0.034,0.762,1,0.0,0.261,0.362,77.593
Stay With Me (feat. Jeremy Zucker),ayokay,0.694,0.695,2,-6.612,0.0705,0.489,1,0.000159,0.131,0.468,100.035
Khoyo,Tech Panda,0.34,0.43,8,-12.279,0.142,0.745,0,8.03e-05,0.211,0.309,200.298
Badra Bahara,Vismay Patel,0.77,0.273,0,-14.931,0.0311,0.497,1,0.0726,0.121,0.447,100.032
Rock the House,Gorillaz,0.754,0.825,2,-6.498,0.237,0.0748,1,7.18e-05,0.169,0.612,171.953
Controllah (feat. MC Bin Laden),Gorillaz,0.777,0.895,1,-3.24,0.0403,0.231,1,2.45e-06,0.209,0.715,104.968
"Kadhaippoma (From ""Oh My Kadavule"")",Leon James,0.575,0.577,7,-6.674,0.0432,0.451,1,3.98e-06,0.264,0.157,90.012
Pretty Girl,Clairo,0.456,0.764,10,-3.584,0.148,0.298,1,0.0,0.229,0.383,124.971
Tu Aake Dekhle,King,0.72,0.681,11,-8.042,0.0941,0.375,1,0.0,0.17,0.13,95.949
R.I.P. 2 My Youth,The Neighbourhood,0.353,0.686,7,-5.704,0.0534,0.00216,0,0.0,0.123,0.177,94.47
Om,Jane Winther,0.0714,0.0361,8,-29.371,0.0452,0.933,1,0.972,0.109,0.0311,77.824
Evergreen,Richy Mitch & The Coal Miners,0.555,0.216,3,-11.661,0.0721,0.557,1,0.00416,0.109,0.504,79.109
Saari Duniya Jalaa Denge,Jaani,0.415,0.436,0,-10.267,0.0401,0.756,1,0.0,0.142,0.415,117.744
Mahabharata Episode 1: Beginnings,The Stories of Mahabharata,0.508,0.375,2,-14.811,0.0403,0.925,1,0.89,0.0856,0.0397,148.086
As Long as I Have You I'm Home,Imaginary Future,0.575,0.155,11,-12.533,0.0297,0.82,1,0.0,0.121,0.233,133.4
Bekhayali,Sachet Tandon,0.308,0.585,9,-5.18,0.0428,0.45,0,0.0,0.319,0.345,171.843
Captain Chicken (feat. Del The Funky Homosapien),Gorillaz,0.862,0.886,11,-3.738,0.0888,0.00916,0,1.85e-06,0.0657,0.96,134.001
Laadla,Ikka,0.853,0.52,9,-7.845,0.189,0.835,0,0.000665,0.14,0.737,82.028
Heavy Driver,Nazz,0.615,0.686,10,-7.986,0.409,0.117,0,0.0,0.17,0.805,193.682
"Lambiyaan Si Judaiyaan (From ""Raabta"")",Arijit Singh,0.436,0.721,11,-5.956,0.0852,0.273,0,0.0,0.132,0.73,171.851
Hardum Humdum (Film Version),Pritam,0.517,0.697,2,-7.999,0.05,0.482,1,0.000209,0.127,0.421,116.96
"Ghungroo (From ""War"")",Vishal-Shekhar,0.695,0.727,6,-6.274,0.0323,0.0744,0,0.000175,0.533,0.864,118.034
"Firecracker (From ""Jayeshbhai Jordaar"")",Vishal-Shekhar,0.838,0.63,9,-5.609,0.171,0.242,0,0.0,0.0719,0.64,100.986
Awaargi,Aditya A,0.643,0.33,5,-13.074,0.0318,0.854,1,0.404,0.151,0.796,93.093
Gangsta,Karan Aujla,0.791,0.687,1,-6.279,0.104,0.00665,1,2.12e-06,0.0986,0.513,130.154
Manjha,Vishal Mishra,0.524,0.515,11,-7.478,0.0427,0.674,0,0.0,0.104,0.368,169.882
MIZUWARI - Sweet William Remix,Jambo Lacquer,0.63,0.526,1,-8.329,0.36,0.548,1,0.00533,0.168,0.591,183.965
10/10,Rex Orange County,0.487,0.909,10,-4.091,0.102,0.301,1,2.9e-05,0.0803,0.293,187.783
Naina Da Kya Kasoor,Amit Trivedi,0.712,0.659,9,-6.348,0.0538,0.159,1,0.0129,0.0781,0.545,63.048
Toh Phir Aao,Mustafa Zahid,0.459,0.563,9,-6.369,0.0263,0.39,0,1.98e-06,0.107,0.0961,101.996
Shard,Michael Brook,0.46,0.698,8,-8.285,0.0306,0.0026,1,0.858,0.163,0.0369,139.872
Players,Badshah,0.833,0.678,9,-3.711,0.141,0.464,0,0.0,0.107,0.576,109.969
Barbaadiyan,Sachet Tandon,0.758,0.57,6,-8.645,0.0462,0.00374,0,2.47e-06,0.184,0.567,126.966
"Sunny Deol Uncensored  - Films, Zindagi & More | The Ranveer Show हिंदी 192",The Ranveer Show हिंदी,0.671,0.832,5,-5.766,0.0308,0.29,0,0.0,0.305,0.707,90.108
BONUS: A Hangover and Avoiding Mum at Christmas,Spencer & Vogue,0.705,0.131,2,-17.128,0.0594,0.889,1,0.0,0.138,0.387,95.747
Arabella,Arctic Monkeys,0.579,0.558,2,-6.986,0.0895,0.0202,1,1.26e-06,0.212,0.506,179.949
Why You Shouldn't Be Afraid At All - Alan Watts,Psychedelic,0.493,0.185,9,-22.379,0.598,0.967,0,0.0,0.0426,0.662,69.663
Love/Paranoia,Tame Impala,0.502,0.699,5,-5.528,0.0333,0.0055,1,0.0,0.171,0.354,111.024
Hardum Humdum (Female Version),Pritam,0.596,0.59,10,-7.47,0.063,0.369,1,9.42e-05,0.0402,0.754,116.893
We Rollin,Shubh,0.82,0.504,4,-9.113,0.141,0.261,0,7e-06,0.104,0.275,85.016
kya karoon?,Zaeden,0.594,0.548,9,-7.588,0.0267,0.611,0,0.00146,0.117,0.374,98.014
Tera Ghata,Gajendra Verma,0.718,0.573,1,-7.309,0.0451,0.458,0,0.00533,0.0953,0.686,180.043
Aaftaab,The Local Train,0.464,0.391,6,-9.884,0.0384,0.755,1,9.64e-05,0.105,0.418,106.887
Shree Hanuman Chalisa,Hariharan,0.589,0.885,4,-3.4,0.035,0.545,1,0.0,0.132,0.831,91.01
One Call Away,Charlie Puth,0.667,0.613,1,-5.353,0.0344,0.403,1,0.0,0.115,0.47,91.024
Labon Ko,Pritam,0.63,0.837,9,-4.635,0.0387,0.329,0,0.00271,0.159,0.473,107.997
"Fire On Fire - From ""Watership Down""",Sam Smith,0.584,0.407,1,-7.356,0.046,0.476,0,0.0,0.18,0.341,115.124
Akhiyaan,Mitraz,0.724,0.618,2,-9.007,0.0534,0.0533,1,0.704,0.0886,0.0683,100.021
No Decoder,Yogi Lang,0.511,0.563,4,-7.224,0.0263,0.327,0,0.877,0.12,0.192,128.036
Blurred Lines,Robin Thicke,0.853,0.599,7,-4.756,0.0411,0.00334,1,7.93e-06,0.0759,0.843,119.993
Shubhaarambh,Amit Trivedi,0.484,0.551,10,-6.6,0.0505,0.208,1,0.0,0.117,0.571,115.163
Meri Tum Ho (Unplugged),Pritam,0.575,0.306,11,-10.536,0.0476,0.885,1,0.0,0.109,0.338,82.011
Pehli Dafa,Atif Aslam,0.679,0.537,4,-7.843,0.0322,0.844,1,3.34e-06,0.108,0.481,111.979
Shinunoga E-Wa,Fujii Kaze,0.6,0.76,6,-6.124,0.0452,0.166,0,4.09e-05,0.189,0.519,158.078
Ice,Shubh,0.725,0.565,2,-9.999,0.0625,0.0257,1,5.2e-06,0.462,0.328,89.939
Chhore Ncr Aale,Paradox,0.731,0.669,1,-7.697,0.346,0.0553,0,0.0,0.0193,0.38,159.998
Hardum Humdum,Pritam,0.59,0.821,2,-4.933,0.0444,0.346,1,8.38e-06,0.454,0.784,116.942
Tera Hone Laga Hoon,Atif Aslam,0.684,0.771,8,-5.353,0.0307,0.548,1,0.0,0.112,0.539,119.982
Navi Navi Yaari,Diljit Dosanjh,0.851,0.576,10,-4.61,0.177,0.0142,0,0.0,0.0347,0.745,151.834
Bp Up Down,Dilpreet Dhillon,0.696,0.847,3,-4.952,0.213,0.0654,0,0.0,0.0669,0.817,83.882
Intro Episode,Over the Top: A Great War Podcast,0.553,0.404,6,-12.491,0.519,0.397,0,0.0,0.334,0.394,86.548
Brazil,Declan McKenna,0.687,0.617,4,-5.213,0.0287,0.0941,1,1.27e-05,0.0898,0.665,121.079
Pehle Bhi Main,Vishal Mishra,0.413,0.406,10,-10.23,0.0353,0.768,0,2.22e-06,0.107,0.281,76.944
Honesty,Pink Sweat$,0.616,0.203,6,-11.421,0.0331,0.921,0,0.0,0.106,0.416,79.824
Aaoge Tum Kabhi,The Local Train,0.534,0.863,0,-4.616,0.0356,0.015,1,0.0167,0.144,0.374,98.035
Mountain at My Gates,Foals,0.495,0.931,2,-5.336,0.0469,0.0025,0,0.0819,0.246,0.617,104.05
Kasoor,Prateek Kuhad,0.558,0.497,8,-7.175,0.0256,0.0285,1,5.36e-06,0.0799,0.444,107.047
Chaleya,Anirudh Ravichander,0.575,0.845,0,-5.28,0.0852,0.393,1,0.0107,0.131,0.439,95.047
Like I'm Gonna Lose You,Jasmine Thompson,0.63,0.53,0,-7.259,0.0434,0.4,1,0.0,0.177,0.417,108.038
Legendary,Welshly Arms,0.537,0.656,11,-5.863,0.0411,0.0458,0,2.54e-06,0.112,0.45,141.873
Electric Love,BØRNS,0.611,0.797,6,-7.627,0.0533,0.00543,0,0.00137,0.26,0.518,120.041
Junk Of The Heart (Happy),The Kooks,0.604,0.894,2,-5.0,0.037,0.0212,1,0.0,0.0299,0.901,145.017
Use Somebody - Recorded at Spotify Studios NYC,Shawn Mendes,0.366,0.519,5,-6.066,0.0331,0.35,1,0.0,0.145,0.308,124.632
"56. Tinder Criminals | Priya Seth, Dikshant Kamra and Lakshya Walia| Ramesh Kumar Swain",Khooni : The Crimes of India,0.55,0.904,6,-4.896,0.238,0.0547,0,0.0,0.309,0.634,82.591
Kho Gaye,Taaruk Raina,0.779,0.227,1,-16.191,0.0379,0.983,1,0.14,0.113,0.38,116.042
Safe And Sound,Capital Cities,0.655,0.819,0,-4.852,0.0316,0.000176,1,0.00374,0.104,0.766,117.956
New Blood,Zayde Wølf,0.492,0.892,7,-3.529,0.0554,0.0774,1,0.0,0.0532,0.36,72.976
Alexander The Great - अलेक्जेंडर द ग्रेट | Ep 1,History In Hindi Podcast,0.454,0.944,4,-5.003,0.0849,0.084,0,0.0119,0.11,0.288,113.321
Nebulous,Klone,0.75,0.487,4,-18.446,0.0673,0.638,1,0.952,0.162,0.968,88.568
Insane,AP Dhillon,0.796,0.572,8,-7.03,0.0545,0.416,0,2.55e-05,0.0975,0.304,98.967
Silent Cat,K.ZIA,0.571,0.0964,11,-15.749,0.0323,0.803,0,5.71e-05,0.0995,0.238,100.576
Khwab Dekhe Sexy Lady,Pritam,0.818,0.829,8,-7.145,0.0978,0.303,0,8.53e-05,0.277,0.967,108.999
コトノハ,arachang,0.219,0.257,7,-12.865,0.0302,0.972,1,0.498,0.346,0.337,79.64
Episode 1 I Purane Log I Kahaniwala I Hindi Podcast,Kahaniwala- Hindi Stories,0.795,0.79,7,-3.002,0.122,0.129,0,0.0,0.102,0.591,89.991
Kamariya,Aastha Gill,0.825,0.666,4,-4.847,0.0554,0.143,0,2.81e-06,0.237,0.763,96.987
Lalkara,Diljit Dosanjh,0.85,0.557,0,-4.503,0.0431,0.0365,0,2.08e-06,0.131,0.468,96.99
Starving,Hailee Steinfeld,0.728,0.616,4,-4.238,0.0645,0.378,1,0.0,0.105,0.508,99.962
Seven (feat. Latto) (Explicit Ver.),Jung Kook,0.802,0.832,11,-4.107,0.0434,0.311,1,0.0,0.0815,0.89,124.997
One Love,Blue,0.848,0.512,7,-7.757,0.118,0.284,1,0.00645,0.101,0.881,144.926
halo,Lewis Watson,0.422,0.712,11,-5.907,0.1,0.273,0,0.0,0.051,0.471,78.454
Sippy Siddhu Murder Case: Part 2,Indian Murder Mystery,0.708,0.904,5,-4.259,0.0632,0.1,0,0.0,0.269,0.96,180.022
Story of My Life,One Direction,0.6,0.663,3,-5.802,0.0477,0.225,1,0.0,0.119,0.286,121.07
First Day,Michael Brook,0.596,0.253,1,-14.369,0.0349,0.896,0,5.17e-05,0.102,0.368,95.162
"Besharam Rang (From ""Pathaan"")",Vishal-Shekhar,0.773,0.795,8,-5.537,0.0412,0.0587,0,0.00237,0.154,0.649,115.997
Showstopper,JERRY,0.808,0.593,10,-6.311,0.0351,0.347,0,0.000223,0.113,0.299,99.988
No Ceilings,Tegi Pannu,0.699,0.628,6,-8.34,0.0645,0.602,0,0.0,0.232,0.475,93.127
Welcome to the Black Parade,My Chemical Romance,0.217,0.905,2,-4.103,0.0752,0.000289,1,0.00011,0.222,0.236,96.95
Subhanallah,Pritam,0.302,0.493,9,-5.038,0.0451,0.455,1,0.0,0.134,0.457,88.904
Losing My Religion,R.E.M.,0.666,0.855,9,-5.051,0.0295,0.179,0,1.2e-06,0.0987,0.803,125.639
Kaise Hua,Vishal Mishra,0.37,0.467,2,-6.973,0.0411,0.442,1,0.0,0.109,0.162,137.796
Despair In The Departure Lounge,Arctic Monkeys,0.316,0.306,2,-13.322,0.0411,0.676,1,0.0025,0.0809,0.284,85.255
"Kya Mujhe Pyar Hai (From ""Woh Lamhe"")",KK,0.644,0.818,6,-5.924,0.0549,0.431,0,2.62e-05,0.0806,0.789,118.477
Tere Bina,A.R. Rahman,0.744,0.7,2,-7.663,0.0375,0.278,1,0.000155,0.068,0.867,144.033
Dance Little Liar,Arctic Monkeys,0.538,0.607,1,-9.133,0.0352,0.0586,0,0.769,0.0975,0.543,100.158
Dil Diyan Gallan,Atif Aslam,0.716,0.64,2,-8.726,0.025,0.565,1,0.00139,0.127,0.485,105.012
Song for Jesse,Nick Cave & Warren Ellis,0.396,0.14,3,-18.382,0.0356,0.948,1,0.469,0.326,0.0697,77.204
心響~SHION~,ABIA,0.478,0.371,9,-10.982,0.0259,0.878,0,0.537,0.101,0.359,81.98
"Mere Sohneya (From ""Kabir Singh"")",Sachet Tandon,0.376,0.643,9,-5.713,0.0411,0.558,1,0.0,0.217,0.646,136.228
Down By The River,Milky Chance,0.687,0.695,9,-7.954,0.0486,0.755,1,6.11e-05,0.109,0.453,114.029
Sleep On The Floor,The Lumineers,0.389,0.431,7,-8.061,0.0344,0.249,1,0.0,0.13,0.275,142.14
"GTA 6, Other Games And India’s Bright Future | Scout On TRS हिंदी | Darr Ke Aage Jeet Hai",The Ranveer Show हिंदी,0.595,0.456,0,-10.952,0.0486,0.387,0,0.0096,0.184,0.833,145.14
Tarantula,Gorillaz,0.683,0.909,0,-3.218,0.0745,0.013,1,0.000849,0.0801,0.787,125.002
El Mañana,Gorillaz,0.644,0.728,9,-8.396,0.029,0.000988,0,0.0279,0.473,0.607,132.488
Party On My Mind,Pritam,0.715,0.864,11,-5.013,0.0751,0.0188,0,0.0,0.719,0.57,122.016
Sakura,Joji Hirota,0.463,0.514,5,-5.031,0.0301,0.141,0,0.0,0.37,0.41,149.951
Mahiye Jinna Sohna,Darshan Raval,0.567,0.54,1,-5.754,0.0406,0.736,1,3.17e-05,0.164,0.331,92.027
Farq hai,Suzonn,0.8,0.209,4,-12.652,0.0408,0.865,1,4.11e-05,0.252,0.74,87.972
What...?,Karan Aujla,0.698,0.544,3,-4.882,0.313,0.0467,0,0.0,0.0872,0.806,92.977
"Dance, Baby!",boy pablo,0.602,0.601,9,-8.521,0.0411,0.037,1,0.0046,0.312,0.856,122.017
Undone - The Sweater Song,Weezer,0.457,0.618,6,-6.682,0.0296,0.00114,1,0.00257,0.0679,0.579,80.184
Set to Attack,Albert Hammond Jr,0.765,0.806,0,-4.464,0.0276,0.0453,0,0.0129,0.0914,0.964,116.017
これだけで十分なのに - (BASI REMIX),BASI,0.505,0.595,5,-10.447,0.162,0.773,1,4.43e-06,0.098,0.411,76.359
Pandora,SILENT SIREN,0.644,0.945,9,-2.436,0.123,0.0204,1,0.000133,0.328,0.759,149.986
"Cherathukal (From ""Kumbalangi Nights"")",Sushin Shyam,0.544,0.232,9,-13.201,0.0314,0.95,1,0.0177,0.363,0.185,123.816
Paris in the Rain,Lauv,0.406,0.408,3,-9.419,0.053,0.771,1,7.88e-06,0.394,0.525,79.705
Apologize,OneRepublic,0.653,0.604,8,-6.017,0.0278,0.0292,1,0.0,0.097,0.101,118.016
Those Eyes,Amrit Maan,0.593,0.352,4,-8.296,0.0284,0.695,1,2.22e-05,0.3,0.226,119.988
Say Love,James TW,0.753,0.451,1,-7.638,0.0561,0.114,1,1.09e-06,0.369,0.542,84.01
"Why is USA Failing? Balaji Srinivasan Opens on Biden, Modi & India-USA Competition | TRS 358",The Ranveer Show,0.875,0.695,11,-6.921,0.0591,0.495,1,0.0,0.0988,0.853,116.972
Solan-Bushi,Joji Hirota,0.365,0.42,6,-10.597,0.0388,0.505,0,2.79e-05,0.0875,0.067,133.428
Dancing On My Own,Calum Scott,0.681,0.174,1,-8.745,0.0315,0.837,1,3.35e-05,0.0983,0.231,112.672
Feel Good Inc.,Gorillaz,0.818,0.705,6,-6.679,0.177,0.00836,1,0.00233,0.613,0.772,138.559
Mehabooba,Ravi Basrur,0.54,0.479,3,-10.44,0.0353,0.979,1,0.578,0.161,0.396,111.338
Departure,Ken Takano,0.356,0.925,10,-4.739,0.0528,0.00699,0,0.0,0.0719,0.484,159.959
Apna Bana Le,Sachin-Jigar,0.586,0.562,9,-7.399,0.0267,0.803,1,5.52e-06,0.063,0.436,93.982
Perfect Duet (Ed Sheeran & Beyoncé),Ed Sheeran,0.587,0.299,8,-7.365,0.0263,0.779,1,0.0,0.123,0.356,94.992
Alag Aasmaan,Anuv Jain,0.699,0.299,6,-12.599,0.0403,0.869,1,0.0,0.0724,0.459,118.968
Mockingbird,Eminem,0.637,0.678,0,-3.798,0.266,0.209,1,0.0,0.156,0.254,84.039
Habits of My Heart,Jaymes Young,0.392,0.498,9,-7.63,0.117,0.665,0,0.000118,0.34,0.59,72.048
Prima Donna,Tipling Rock,0.699,0.5,1,-9.944,0.0533,0.322,0,0.0,0.102,0.773,91.994
KTMBK,Zaeden,0.898,0.435,6,-8.834,0.0489,0.555,1,0.0,0.139,0.836,115.034
Amiri,Diljit Dosanjh,0.703,0.508,8,-8.559,0.15,0.02,1,0.0,0.184,0.457,168.068
Undiporaadhey,Sid Sriram,0.685,0.24,10,-8.65,0.0397,0.789,0,3.97e-06,0.127,0.577,177.706
Stay,The Hails,0.591,0.764,1,-5.484,0.0483,0.0383,1,0.0,0.103,0.478,169.928
I Wanna Be Yours,Arctic Monkeys,0.464,0.417,0,-9.345,0.0256,0.136,0,0.022,0.0974,0.479,67.528
Chinese New Year,SALES,0.744,0.845,4,-7.422,0.253,0.759,0,0.232,0.1,0.749,75.221
Everybody Wants To Rule The World,Tears For Fears,0.645,0.795,7,-12.095,0.0527,0.347,1,0.00389,0.104,0.535,112.067
"Kaise Hua (From ""Kabir Singh"")",Vishal Mishra,0.37,0.467,2,-6.973,0.0411,0.442,1,0.0,0.109,0.162,137.796
Ittar,Jasmine Sandlas,0.487,0.755,8,-4.42,0.0963,0.165,0,0.0,0.0713,0.656,85.256
"Abhijit Chavda Returns - War, Bloodshed & Treasures | History Of Conflicts | TRS हिंदी 181",The Ranveer Show हिंदी,0.648,0.367,3,-14.167,0.0474,0.104,0,0.00929,0.0769,0.939,154.008
Tere Nainon Mein,The Bilz & Kashif,0.641,0.577,8,-8.331,0.0319,0.427,0,0.0,0.15,0.629,144.929
Emotional Attyachaar (Rock Version),Bonnie Chakraborty,0.587,0.826,0,-8.888,0.0445,0.0336,1,0.0772,0.107,0.225,105.966
Peaches,Diljit Dosanjh,0.663,0.478,4,-7.265,0.185,0.095,0,0.0,0.0705,0.341,85.264
The Beginnings,The Ramayana Podcast,0.403,0.299,4,-11.998,0.0327,0.905,1,0.00343,0.109,0.197,80.694
Blank Space/Stand By Me - Live From Spotify London,Imagine Dragons,0.774,0.553,9,-6.815,0.0823,0.379,1,0.0,0.739,0.514,102.055
"Tose Naina (From ""Mickey Virus)",Arijit Singh,0.523,0.561,4,-6.474,0.0329,0.426,1,0.0,0.109,0.31,139.885
Hawa Banke,Darshan Raval,0.625,0.598,7,-6.6,0.0373,0.616,0,0.0,0.299,0.5,90.078
"Ghalat Fehmi - From ""Superstar""",Asim Azhar,0.645,0.479,5,-11.092,0.0267,0.154,1,0.0124,0.0727,0.329,144.036
O Sanam,Lucky Ali,0.76,0.555,7,-10.165,0.0465,0.409,1,0.213,0.0822,0.52,98.066
Ishq,Ali Sethi,0.711,0.295,0,-12.377,0.0334,0.534,0,4.51e-05,0.0782,0.694,135.041
Freaks,Surf Curse,0.345,0.941,9,-9.918,0.0466,3.84e-05,1,0.633,0.0511,0.407,179.626
"Psycho Saiyaan (From ""Saaho"")",Sachet Tandon,0.785,0.722,10,-2.604,0.158,0.0363,0,4.24e-06,0.452,0.848,189.857
"Kaise Ab Kahein - From ""Gutar Gu""",Gaurav Chatterji,0.443,0.396,7,-11.071,0.037,0.891,1,0.0,0.0926,0.488,89.114
Wicked Games,The Hot Damns,0.663,0.296,9,-18.09,0.0294,0.68,1,0.00837,0.0879,0.359,112.306
It's Not Living (If It's Not With You),The 1975,0.618,0.837,1,-5.338,0.0304,0.000254,1,0.000378,0.0618,0.526,121.227
I'll Be There,Jess Glynne,0.627,0.858,7,-3.116,0.0394,0.0288,1,0.0,0.199,0.399,100.074
Senbonzakura,Eddie van der Meer,0.38,0.293,2,-15.708,0.0416,0.987,0,0.832,0.0718,0.337,95.822
Hollywood in Space,The Infinite Monkey Cage,0.589,0.479,11,-12.101,0.108,0.701,0,0.000232,0.0957,0.131,162.018
Show,Ado,0.808,0.593,10,-6.311,0.0351,0.347,0,0.000223,0.113,0.299,99.988
I Love You So,The Walters,0.575,0.648,10,-4.891,0.0358,0.583,1,0.0,0.115,0.466,75.977
Something Good Can Work,Two Door Cinema Club,0.65,0.836,0,-5.101,0.0334,0.00553,1,0.00101,0.192,0.656,119.933
"Muqabla (From ""Street Dancer 3D"")",Yash Narvekar,0.804,0.913,0,-3.135,0.0933,0.0248,1,2.84e-05,0.391,0.544,119.993
No. 1 Party Anthem,Arctic Monkeys,0.505,0.698,0,-5.563,0.0297,0.33,1,0.0887,0.0966,0.599,115.013
Falak Tak,Vishal-Shekhar,0.718,0.697,2,-6.474,0.135,0.634,0,1.53e-05,0.0563,0.62,143.907
"Fly from Here, Pt. II: Sad Night at the Airfield",Yes,0.202,0.402,11,-10.027,0.0303,0.0535,0,0.00862,0.256,0.084,81.038
Cooks,Still Woozy,0.45,0.583,4,-10.49,0.0811,0.434,0,0.0126,0.244,0.701,77.066
Nidra Yoga (Yoga Meditation),Shakuhachi Sakano,0.11,0.029,7,-26.596,0.0335,0.993,1,0.94,0.0948,0.0608,91.095
I hope that you think of me,Pity Party (Girls Club),0.845,0.455,3,-9.857,0.045,0.0625,1,6.41e-05,0.108,0.65,105.0
Another One Bites The Dust - Remastered 2011,Queen,0.933,0.528,5,-6.472,0.161,0.112,0,0.312,0.163,0.754,109.967
Tujhe Kitna Chahne Lage,Arijit Singh,0.427,0.396,11,-7.556,0.0366,0.736,1,0.0,0.11,0.306,70.368
Kali Kali Zulfon Ke (Lo-Fi),Madhur Sharma,0.358,0.463,7,-7.075,0.0375,0.816,1,0.0,0.155,0.15,152.353
Every Breath You Take,The Police,0.82,0.452,1,-9.796,0.0348,0.543,1,0.00294,0.0714,0.74,117.401
Rubicon,Prem Dhillon,0.868,0.745,11,-5.82,0.268,0.187,0,0.000342,0.431,0.762,139.9
World of Concrete: Exploring 3D printing in construction with Mr. Santosh Suthar| EP 26 BuildMate Podcast,BuildMate Podcast,0.303,0.478,7,-7.851,0.035,0.371,1,0.0,0.131,0.117,139.838
Andromeda (feat. DRAM),Gorillaz,0.788,0.472,0,-9.021,0.0475,0.003,1,0.0322,0.59,0.257,130.084
bad guy,Billie Eilish,0.701,0.425,7,-10.965,0.375,0.328,1,0.13,0.1,0.562,135.128
Main Rang Sharbaton Ka (Lofi Mix),Pritam,0.547,0.43,6,-10.917,0.0311,0.679,1,0.396,0.112,0.501,79.923
Ranjhana,Shilpa Rao,0.673,0.714,9,-8.042,0.039,0.111,1,0.0,0.0858,0.78,112.941
Humdard,Arijit Singh,0.572,0.541,5,-6.45,0.0245,0.759,1,0.0,0.111,0.266,87.01
Yung Luv,Andrelli,0.633,0.548,8,-8.018,0.0523,0.219,1,3.88e-05,0.0689,0.541,173.994
Ophelia,The Lumineers,0.664,0.573,5,-6.519,0.0277,0.613,1,0.000363,0.0857,0.566,76.023
BJPod- Influencers Influencing Influenza Feat. Anurag Minus Verma,Bharatiya Junta Podcast,0.59,0.459,4,-9.488,0.034,0.661,1,0.0,0.203,0.293,149.885
"Crazy Conversation With Rajpal Yadav - Iconic Memes, Behind The Scenes Story And More | TRSH 224",The Ranveer Show हिंदी,0.581,0.491,9,-7.553,0.304,0.756,0,9.22e-06,0.439,0.809,153.115
Kya Mujhe Pyar Hai,KK,0.644,0.818,6,-5.924,0.0549,0.431,0,2.62e-05,0.0806,0.789,118.477
Phir Mohabbat,Mohammed Irfan,0.461,0.481,0,-6.389,0.0327,0.789,0,1.01e-06,0.127,0.262,199.807
Desire (with Sam Smith),Calvin Harris,0.587,0.924,11,-5.433,0.0457,0.0311,0,0.0171,0.23,0.509,140.009
Dormouse - A Theme,Phideaux,0.41,0.0393,7,-20.042,0.0452,0.878,0,0.671,0.14,0.363,166.301
Silicone,Prem Dhillon,0.582,0.661,10,-7.006,0.172,0.0693,0,0.0,0.309,0.514,89.604
Ahead Of Myself,X Ambassadors,0.587,0.542,5,-7.876,0.034,0.0014,1,0.0,0.0906,0.371,89.991
Haiwaan,Ashim Kemson,0.871,0.65,1,-3.249,0.111,0.381,1,0.0,0.16,0.546,119.944
Left and Right (Feat. Jung Kook of BTS),Charlie Puth,0.881,0.592,2,-4.898,0.0324,0.619,1,1.32e-05,0.0901,0.719,101.058
About A Girl,Nirvana,0.292,0.933,9,-4.371,0.064,0.000221,1,9.86e-06,0.473,0.296,202.012
Haru no Umi (The Sea in Spring),Joji Hirota,0.253,0.15,2,-14.04,0.0361,0.928,0,0.41,0.108,0.0397,70.926
Stressed Out,Twenty One Pilots,0.734,0.637,4,-5.677,0.141,0.0462,0,2.29e-05,0.0602,0.648,169.977
Raula,Pritam,0.752,0.965,0,-5.309,0.0532,0.123,1,7.4e-05,0.233,0.9,120.979
Jind Mahi,Diljit Dosanjh,0.57,0.859,2,-8.232,0.0309,3.3e-05,1,0.705,0.455,0.188,146.003
Bheegi Bheegi,James,0.313,0.529,0,-9.847,0.0363,0.0928,1,0.0,0.129,0.289,152.025
The Game of Love,Amanda Yang,0.712,0.5,9,-11.948,0.0338,0.825,0,0.314,0.106,0.682,90.039
Baller,Shubh,0.711,0.702,5,-10.048,0.233,0.00487,1,0.0163,0.0932,0.674,180.219
Vele,Vishal-Shekhar,0.833,0.754,2,-7.555,0.0513,0.0166,1,0.0,0.246,0.65,108.001
Roxanne,The Police,0.618,0.748,0,-8.905,0.358,0.0384,1,4.1e-06,0.0473,0.663,134.114
Wo Noor,AP Dhillon,0.761,0.554,1,-8.119,0.0854,0.193,0,0.00844,0.0802,0.555,92.52
Rawnald Gregory Erickson the Second,STRFKR,0.9,0.538,7,-7.879,0.0343,0.229,1,0.843,0.287,0.713,95.508
"Saware (From ""Phantom"")",Arijit Singh,0.499,0.683,6,-6.373,0.0333,0.702,0,0.00163,0.0749,0.297,134.958
Jamal Jamaloo,Bandari,0.739,0.584,3,-5.729,0.0758,0.631,1,6.52e-06,0.285,0.753,120.522
Chan Mahi,Abdullah Qureshi,0.403,0.58,0,-6.543,0.0278,0.878,1,1.4e-06,0.0887,0.336,159.693
In the Kitchen,Hawktail,0.567,0.344,0,-13.8,0.0326,0.91,0,0.121,0.107,0.272,117.563
OK,Wallows,0.72,0.625,7,-6.274,0.0362,0.0112,1,0.0076,0.0999,0.818,102.006
Jungle Mein Kaand,Sachin-Jigar,0.748,0.886,7,-3.918,0.0867,0.101,1,4.7e-05,0.108,0.786,128.009
Breathless Hanuman Chalisa,Shankar Mahadevan,0.754,0.834,9,-8.701,0.0897,0.758,1,0.0,0.0857,0.553,129.953
Off She Goes,Bad Suns,0.621,0.843,6,-5.412,0.0315,0.0874,1,0.000196,0.106,0.445,132.01
wtf,boy pablo,0.808,0.737,11,-4.538,0.0526,0.0602,0,1.12e-06,0.704,0.865,123.985
Gaadi Kaali,Neha Kakkar,0.805,0.771,10,-3.086,0.154,0.273,0,0.0,0.206,0.602,102.046
Episode 01 : Uddeshya Shri Krishna ke Avtaar aur unki Leelaon Ka ,Shri Krishna Leela (Hindi Podcast),0.703,0.733,7,-8.561,0.253,0.548,1,0.0,0.106,0.627,149.897
Are You Bored Yet? (feat. Clairo),Wallows,0.682,0.683,8,-6.444,0.0287,0.156,0,2.32e-05,0.273,0.64,120.023
Tere Jaane Se,Anurag Vashisht,0.59,0.459,4,-9.488,0.034,0.661,1,0.0,0.203,0.293,149.885
"BJP Vs AAP, Delhi And Politics - Atishi | Education Minister Of Delhi | The Ranveer Show हिंदी 209",The Ranveer Show हिंदी,0.748,0.573,7,-8.957,0.273,0.0273,1,1.27e-06,0.111,0.308,185.965
"Parayuvaan - From ""Ishq""",Sid Sriram,0.565,0.565,3,-8.64,0.0515,0.639,1,0.00206,0.0838,0.246,146.977
"Meditaion music , self healing , relaxing music- MEDITATE SELF",MEDITATION SELF,0.251,0.0659,0,-28.269,0.0423,0.875,1,0.000278,0.113,0.0496,127.892
Ki Samjiye,Amrinder Gill,0.858,0.755,11,-3.031,0.0612,0.0085,1,0.0,0.0979,0.74,100.951
Half Light,BANNERS,0.186,0.159,7,-13.125,0.0367,0.527,1,0.304,0.111,0.0862,102.129
Raincoat,Timeflies,0.696,0.656,10,-5.543,0.104,0.215,1,0.0,0.254,0.515,150.939
Not Giving In,Tom Walker,0.471,0.724,2,-7.174,0.0873,0.632,0,0.0,0.109,0.485,159.961
Srivalli,Devi Sri Prasad,0.82,0.581,4,-5.655,0.0438,0.494,1,0.0,0.362,0.681,106.965
Alrighty Aphrodite,Peach Pit,0.534,0.724,6,-4.675,0.0495,0.00605,0,0.0929,0.108,0.503,81.846
There's A Reason Why (I Never Returned Your Calls),Blossoms,0.493,0.882,11,-5.37,0.046,0.0166,1,2.97e-06,0.188,0.685,123.985
2 Woofer,MC SQUARE,0.866,0.762,2,-6.892,0.268,0.111,1,0.0,0.207,0.611,89.987
Kya Baat Ay,Harrdy Sandhu,0.849,0.592,6,-4.309,0.102,0.632,0,2.39e-06,0.108,0.652,89.966
"Nira - From ""Takkar""",Sid Sriram,0.674,0.767,1,-5.049,0.0469,0.139,0,1.39e-06,0.208,0.56,88.0
Losing My Religion (Cover),Passenger,0.755,0.643,9,-9.097,0.0268,0.0264,0,3.52e-05,0.267,0.471,126.035
Sab Tera,Armaan Malik,0.505,0.642,7,-5.864,0.0339,0.643,1,0.0,0.151,0.427,159.775
Sufi Medley,Abdullah Qureshi,0.264,0.614,3,-8.154,0.0305,0.106,1,6.98e-05,0.653,0.475,78.049
Disciples,Tame Impala,0.661,0.869,5,-5.477,0.0334,0.078,1,0.924,0.398,0.8,126.971
Samajavaragamana,Sid Sriram,0.568,0.663,8,-6.179,0.0345,0.91,1,4.82e-05,0.124,0.808,165.203
Robert Greene: A Process for Finding & Achieving Your Unique Purpose,Huberman Lab,0.635,0.167,6,-14.542,0.946,0.679,0,0.0,0.204,0.577,82.439
I Love You,Pritam,0.654,0.671,11,-6.026,0.0807,0.359,1,7.49e-06,0.0656,0.76,90.063
Ramuloo Ramulaa - Duet,Anurag Kulkarni,0.663,0.913,5,-4.681,0.152,0.415,0,0.000496,0.158,0.805,187.552
Heaven,Julia Michaels,0.367,0.332,0,-8.87,0.0331,0.717,1,0.0,0.678,0.344,130.476
Maan Meri Jaan,King,0.698,0.505,6,-8.242,0.0356,0.354,0,0.0,0.0995,0.396,95.868
Kill For You,Skylar Grey,0.67,0.8,4,-5.933,0.297,0.151,0,3.47e-06,0.613,0.268,95.693
Israel-Palestine CONFLICT: What Actually Happened? Abhijit Iyer-Mitra Opens Up | The Ranveer Show 359,The Ranveer Show,0.574,0.208,8,-26.254,0.927,0.932,0,0.0,0.142,0.345,91.467
The Internet Said So | EP 196 | Hygiene Facts,The Internet Said So,0.489,0.506,11,-10.251,0.177,0.427,1,0.0862,0.12,0.431,95.528
Love You To Bits (Bit 2),No-Man,0.518,0.16,1,-26.612,0.048,0.728,0,0.605,0.131,0.0922,122.213
Enna Sona,A.R. Rahman,0.717,0.416,7,-9.875,0.0303,0.635,0,1.43e-06,0.0976,0.381,100.026
Morning Sun,Taba Chake,0.773,0.439,9,-17.062,0.0523,0.582,1,0.00394,0.0846,0.571,100.022
Gangsta's Paradise,Coolio,0.647,0.514,8,-10.05,0.0593,0.0655,1,0.0,0.398,0.386,79.975
I'm In Love With You,The 1975,0.668,0.902,2,-3.924,0.0386,0.169,1,8.74e-05,0.198,0.913,119.008
Pal Behta Jaaye,Vismay Patel,0.776,0.223,8,-13.686,0.0379,0.721,1,3.8e-06,0.119,0.196,109.966
Daku,Chani Nattan,0.847,0.558,8,-5.855,0.0663,0.325,0,0.0,0.135,0.495,98.062
Somebody Else,The 1975,0.618,0.793,0,-5.711,0.0601,0.204,1,0.0154,0.126,0.459,101.015
"Naah Goriye (From ""Bala"")",B Praak,0.823,0.765,2,-1.695,0.0633,0.464,0,0.0,0.0601,0.715,99.96
Scrawny,Wallows,0.639,0.816,6,-5.28,0.0485,0.000985,0,0.0604,0.141,0.802,138.008
1. The Spark in the Fire,Witch,0.651,0.898,11,-4.942,0.0391,0.152,1,0.0,0.11,0.599,126.051
Disco,Surf Curse,0.473,0.621,11,-8.698,0.0291,0.0253,0,0.000366,0.19,0.782,173.083
Kalaavathi,Sid Sriram,0.392,0.574,5,-5.744,0.0336,0.627,1,0.0,0.532,0.446,65.528
Criminal,Britney Spears,0.701,0.966,0,-5.36,0.0568,0.063,1,0.0662,0.0761,0.834,132.015
Besabriyaan,Armaan Malik,0.338,0.459,2,-8.827,0.027,0.533,1,1.33e-05,0.22,0.32,81.203
Kids with Guns,Gorillaz,0.838,0.475,4,-5.505,0.036,0.000417,0,0.714,0.226,0.711,106.217
Take Me To Church (Acoustic Cover) feat. Matt Wright,Megan Davies,0.637,0.292,4,-8.206,0.0375,0.745,0,0.0,0.305,0.4,127.015
Edelweiss,The Mayries,0.233,0.156,8,-17.54,0.0448,0.785,1,0.000464,0.126,0.354,56.119
How To Control Your Thoughts,Osho Hindi,0.149,0.0498,10,-21.695,0.0439,0.996,1,0.938,0.115,0.0324,63.289
आंतरिक मज़बूती के पाँच लक्षण (आपमें कितने हैं?) || आचार्य प्रशांत (2023),आचार्य प्रशांत,0.326,0.603,3,-5.882,0.11,0.736,1,4.05e-06,0.0677,0.475,193.485
Meri Baaton Mein Tu,Anuv Jain,0.623,0.454,0,-9.813,0.0302,0.431,1,0.0,0.144,0.228,142.884
Robbers,The 1975,0.621,0.692,4,-6.858,0.0291,0.000363,1,1.75e-05,0.335,0.381,99.806
Girls,The 1975,0.839,0.869,0,-3.005,0.148,0.0817,1,0.0,0.323,0.605,125.026
Khuda Jaane,Vishal-Shekhar,0.382,0.632,8,-6.393,0.0411,0.391,1,0.000486,0.0922,0.716,78.936
Sam Manekshaw Speaks on Leadership/e2,FOXTROT BRAVO,0.609,0.732,10,-5.623,0.0567,0.0836,1,0.0,0.145,0.561,148.031
Noor,Akshath,0.545,0.532,2,-8.407,0.0303,0.708,1,0.00147,0.12,0.216,114.887
Tomorrow Comes Today,Gorillaz,0.751,0.596,6,-4.594,0.0301,0.0071,1,0.589,0.103,0.57,93.213
Kamlee,SARRB,0.56,0.628,7,-7.36,0.131,0.298,0,0.000142,0.0556,0.622,93.178
Peach Pit,Peach Pit,0.515,0.804,6,-5.345,0.0398,0.00322,0,0.00229,0.149,0.298,123.969
Fraktal,Soen,0.336,0.238,0,-15.793,0.0363,0.593,1,0.0357,0.105,0.0748,105.601
Take Me Somewhere Nice,Mogwai,0.459,0.562,2,-8.771,0.0297,0.391,1,0.287,0.0935,0.0733,124.202
"Jhoome Jo Pathaan (From ""Pathaan"")",Vishal-Shekhar,0.817,0.738,7,-7.639,0.0748,0.0964,1,0.0,0.331,0.616,104.964
ただ,Creep Hyp,0.679,0.834,5,-3.223,0.032,0.343,1,5.74e-06,0.119,0.962,139.996
Plastic Beach (feat. Mick Jones and Paul Simonon),Gorillaz,0.537,0.893,0,-5.459,0.0893,0.00252,1,0.0211,0.0636,0.499,183.78
Watch Out,Sidhu Moose Wala,0.465,0.646,7,-6.882,0.184,0.00563,1,0.0,0.191,0.336,99.436
Smack That,Akon,0.939,0.742,5,-5.171,0.0467,0.321,0,0.0,0.107,0.924,118.978
First Class,Jack Harlow,0.902,0.582,5,-5.902,0.109,0.111,0,3.18e-06,0.111,0.332,107.005
comethru,Jeremy Zucker,0.757,0.192,0,-11.842,0.0515,0.572,1,0.0,0.606,0.595,94.024
Don't Look,Karan Aujla,0.327,0.938,0,-3.237,0.0645,0.0708,1,3.79e-06,0.148,0.326,162.937
Indiana,Tom Aspaul,0.265,0.423,5,-12.052,0.0355,0.695,1,0.796,0.111,0.118,131.565
Dilawara,The PropheC,0.675,0.653,7,-7.504,0.0552,0.0815,0,0.00049,0.16,0.132,91.017
15 Motivational Stories in Hindi (Every Story is Inspiring and Life Changing) ,CoolMitra ,0.473,0.562,0,-8.624,0.0451,0.65,1,0.000117,0.12,0.316,74.653
Fancy Shoes,The Walters,0.705,0.378,0,-7.299,0.0247,0.63,1,0.0,0.0981,0.726,103.925
Lost Without You,Freya Ridings,0.543,0.723,1,-5.326,0.0425,0.466,0,0.0,0.0738,0.293,145.78
Dil Haara,Vishal-Shekhar,0.466,0.778,0,-7.174,0.115,0.382,0,1.33e-06,0.0359,0.596,99.981
दुखी हो तो मन को शांति देगी श्री कृष्ण की ये बातें Best Krishna Motivational vani . Krishna gita van,Shri krishna Geeta Vani ,0.737,0.811,4,-6.855,0.254,0.0863,0,0.0,0.384,0.626,144.912
Dreams Tonite,Alvvays,0.51,0.622,2,-5.727,0.0242,0.0108,1,4.11e-06,0.127,0.424,99.934
Superchor,Dilbahar,0.665,0.533,4,-10.467,0.257,0.237,0,2.07e-05,0.181,0.564,79.534
Cigarette Daydreams,Cage The Elephant,0.636,0.676,2,-3.442,0.0263,0.0807,1,0.0,0.0831,0.273,113.98
I Forget Where We Were,Ben Howard,0.305,0.462,0,-9.57,0.0338,0.475,1,0.122,0.0916,0.181,113.468
House of Gold,Twenty One Pilots,0.68,0.693,0,-7.234,0.0435,0.445,1,0.0,0.208,0.851,114.948
Thaarame Thaarame,Sid Sriram,0.594,0.53,0,-6.491,0.0343,0.677,1,0.0,0.108,0.32,139.878
Come Again,Awich,0.546,0.987,0,-5.549,0.103,0.00639,0,0.644,0.381,0.153,160.001
Acid,Michael Brook,0.709,0.895,8,-4.33,0.0838,0.00935,1,4.78e-06,0.142,0.332,134.071
"Srivalli (From ""Pushpa The Rise Part - 01"")",Javed Ali,0.787,0.603,9,-4.781,0.034,0.435,1,0.0,0.101,0.743,106.984
Otherside,Red Hot Chili Peppers,0.458,0.795,0,-3.265,0.0574,0.00316,1,0.000202,0.0756,0.513,123.229
Rubicon Drill,Laddi Chahal,0.868,0.745,11,-5.82,0.268,0.187,0,0.000342,0.431,0.762,139.9
"Logic Of Pooja, Tantra & Yagya Explained Simply - Om Dhumatkar  | The Ranveer Show 365",The Ranveer Show,0.612,0.482,6,-6.58,0.0379,0.797,1,5.96e-06,0.0931,0.843,81.091
Shot At The Night,The Killers,0.51,0.802,5,-4.903,0.0561,0.0917,1,0.0136,0.109,0.24,185.927
"Jabra Fan (From ""Fan "")",Vishal-Shekhar,0.827,0.88,9,-4.185,0.269,0.221,1,0.0,0.0392,0.911,95.84
Tranz,Gorillaz,0.649,0.883,7,-5.058,0.0306,0.0324,1,0.0185,0.0658,0.779,135.141
Jug Jug Jeeve,Sachet Tandon,0.559,0.632,5,-7.58,0.0608,0.413,0,0.0,0.118,0.699,90.097
Saibo,Sachin-Jigar,0.619,0.429,2,-7.867,0.028,0.738,1,1.35e-05,0.136,0.545,90.058
Sukoon,Hassan & Roshaan,0.635,0.376,9,-8.356,0.0296,0.561,1,0.0,0.0919,0.522,123.947
"AMA #13: Winter Months & Sickness, Wim Hof Breathing & Stressors",Huberman Lab,0.595,0.281,9,-10.677,0.0256,0.651,1,0.00027,0.133,0.167,100.004
Sleepless,AP Dhillon,0.747,0.692,7,-5.7,0.12,0.143,1,0.00014,0.134,0.519,115.009
Sweet Marie,The Walters,0.245,0.425,9,-8.379,0.0324,0.914,1,0.646,0.116,0.254,203.816
LA On A Saturday Night,Hearts & Colors,0.592,0.588,10,-4.889,0.0405,0.118,1,0.0,0.138,0.336,81.997
"Mudhal Nee Mudivum Nee Title Track (From ""Mudhal Nee Mudivum Nee"")",Darbuka Siva,0.556,0.521,6,-10.811,0.0321,0.632,1,0.000582,0.102,0.355,127.956
No Love,Shubh,0.768,0.487,4,-8.936,0.0431,0.24,0,0.0,0.175,0.722,137.034
Baarish Aa Jaave,Mitraz,0.719,0.397,7,-6.209,0.0591,0.323,0,0.0,0.124,0.327,94.037
Tu Hi Meri Shab Hai,KK,0.568,0.726,9,-6.087,0.0366,0.491,0,0.000764,0.122,0.564,118.842
9:45,Prabh Singh,0.796,0.455,1,-7.763,0.0997,0.637,0,3.59e-06,0.156,0.352,99.958
Rangi Saari,Kavita Seth,0.613,0.685,10,-7.993,0.0419,0.212,1,0.0615,0.0926,0.268,139.985
If You Know That I'm Lonely,FUR,0.405,0.542,7,-6.064,0.0326,0.564,1,0.0,0.239,0.624,145.947
Heeriye (feat. Arijit Singh),Jasleen Royal,0.728,0.494,6,-9.628,0.0256,0.516,0,0.00384,0.0759,0.558,105.007
Lazarus,Porcupine Tree,0.354,0.581,9,-6.074,0.0302,0.201,1,0.661,0.177,0.338,171.961
Soniye,KK,0.615,0.76,2,-8.082,0.0761,0.0701,1,3.95e-05,0.12,0.743,171.951
Empire Ants (feat. Little Dragon),Gorillaz,0.601,0.772,0,-4.137,0.031,0.181,0,0.0543,0.0928,0.294,99.445
Baarish Ka Asar,Twin Strings,0.59,0.63,9,-6.735,0.0279,0.469,1,1.02e-05,0.15,0.227,119.962
Admirin' You (feat. Preston Pablo),Karan Aujla,0.756,0.664,1,-6.227,0.0851,0.0935,1,0.0,0.104,0.675,96.018
Take It Easy,Karan Aujla,0.575,0.67,7,-10.39,0.0318,0.343,1,4.95e-06,0.129,0.74,139.191
Mere Sohneya,Sachet Tandon,0.376,0.643,9,-5.713,0.0411,0.558,1,0.0,0.217,0.646,136.228
"Neena Gupta On Being A Woman, Orthodox Society And Social Change | Darr Ke Aage Jeet Hai | TRSH",The Ranveer Show हिंदी,0.568,0.397,6,-8.536,0.0272,0.986,1,0.0205,0.111,0.535,108.535
On Top,Karan Aujla,0.831,0.75,10,-5.42,0.153,0.0188,0,0.0,0.111,0.662,139.979
Whatcha Doin',Diljit Dosanjh,0.852,0.378,1,-10.099,0.178,0.0256,0,0.0,0.0954,0.515,90.014
"Mitwa (From ""Kabhi Alvida Naa Kehna"")",Shankar-Ehsaan-Loy,0.63,0.63,4,-7.525,0.0364,0.295,1,1.26e-05,0.0934,0.517,107.103
Pasoori,Shae Gill,0.714,0.596,11,-6.206,0.043,0.0657,0,0.0,0.0625,0.669,91.991
Dekhya Kite,Davy,0.779,0.533,5,-7.371,0.0563,0.171,1,2.09e-06,0.32,0.457,144.992
In the End,Linkin Park,0.556,0.864,3,-5.87,0.0584,0.00958,0,0.0,0.209,0.4,105.143
Call Me Devil,Friends in Tokyo,0.458,0.733,2,-5.7,0.0711,0.00255,0,0.147,0.595,0.535,62.469
Papa Meri Jaan,Sonu Nigam,0.247,0.197,4,-11.504,0.0417,0.912,0,0.000723,0.123,0.209,57.18
Elevated,Shubh,0.828,0.533,6,-5.779,0.091,0.214,0,2.8e-05,0.307,0.605,93.021
She's My Collar (feat. Kali Uchis),Gorillaz,0.726,0.815,11,-5.886,0.0313,0.00799,1,0.081,0.112,0.462,140.158
"Kaalai Maalai - From ""Paper Rocket""",Dharan Kumar,0.654,0.435,11,-11.217,0.0431,0.264,1,4.92e-06,0.127,0.62,121.041
Hot Knifer,Peach Pit,0.644,0.247,6,-8.813,0.0368,0.927,0,0.0264,0.115,0.0876,124.667
Olli Kuchi,Deva,0.702,0.68,1,-7.13,0.0614,0.0163,1,1.91e-06,0.0341,0.603,169.928
"Dhoop Paani Bahne De (From ""Sherdil - The Pilibhit Saga"")",KK,0.456,0.241,6,-9.774,0.0346,0.879,1,0.0,0.089,0.361,129.703
"Ajab Si (From ""Om Shanti Om"")",KK,0.697,0.438,8,-8.411,0.0289,0.399,1,0.0,0.293,0.58,117.955
Hood Famous,Navaan Sandhu,0.711,0.662,10,-6.087,0.301,0.0879,0,0.0,0.206,0.581,94.111
"Love Yourself, Out of the Woods, Roses - Acoustic Mashup",Megan Davies,0.589,0.183,11,-13.31,0.0583,0.708,1,0.0,0.393,0.36,90.556
Pac-Man (feat. ScHoolboy Q),Gorillaz,0.762,0.809,7,-5.454,0.0961,0.273,0,3.99e-05,0.333,0.731,96.042
"Legendary Bodybuilder Ronnie Coleman On Injury, Steroids & Success | The Ranveer Show 364",The Ranveer Show,0.301,0.781,5,-6.526,0.311,0.356,0,0.0,0.113,0.214,84.508
Shy Away,Twenty One Pilots,0.588,0.856,9,-5.242,0.0316,0.000818,0,0.0739,0.238,0.635,96.966
Can't Help Falling In Love,Kina Grannis,0.396,0.293,2,-14.062,0.0275,0.941,1,0.000196,0.105,0.343,100.307
"Demonic Possessions, Ghost Stories & Paranormal Activities | Dr. Savio Furtado | The Ranveer Show 369",The Ranveer Show,0.663,0.833,1,-5.573,0.259,0.103,0,0.0,0.0656,0.395,77.694
Cheques,Shubh,0.742,0.627,4,-8.939,0.0533,0.262,0,1.23e-05,0.269,0.356,89.998
Fireside,Arctic Monkeys,0.538,0.953,9,-5.611,0.056,0.0234,0,0.00126,0.113,0.74,100.033
Kaash Aisa Hota,Darshan Raval,0.449,0.391,7,-9.559,0.0312,0.851,0,0.0,0.106,0.266,74.856
Tillu Anna DJ Pedithe,Ram Miriyala,0.702,0.663,10,-5.444,0.21,0.149,0,2.01e-06,0.11,0.28,140.027
Teenage Dirtbag,Wheatus,0.617,0.84,4,-4.063,0.0512,0.36,1,8.85e-05,0.179,0.57,94.676
Walls - Naked Edition,Ruben,0.537,0.461,7,-7.594,0.0511,0.733,1,0.0,0.205,0.461,90.357
Rosie's Nocturne,Michael Giacchino,0.13,0.0331,8,-23.899,0.0441,0.986,1,0.869,0.0818,0.0396,82.471
"Rishte Naate - From ""De Dana Dan""",Rahat Fateh Ali Khan,0.637,0.825,11,-6.612,0.0815,0.352,1,0.0,0.389,0.835,92.029
dooriyan,Zaeden,0.523,0.714,7,-6.584,0.0511,0.633,0,0.0,0.0875,0.616,122.969
Kesariya,Pritam,0.577,0.574,0,-6.525,0.0278,0.572,1,0.0,0.1,0.436,94.009
Somewhere Only We Know,Keane,0.448,0.665,9,-4.203,0.026,0.06,1,2.55e-05,0.0828,0.304,172.004
Short Story,Nosound,0.48,0.571,7,-6.568,0.0267,0.209,1,0.0001,0.148,0.315,160.135
Nashe Si Chadh Gayi,Vishal-Shekhar,0.799,0.784,4,-5.207,0.0519,0.11,0,2.84e-06,0.227,0.26,96.953
Somebody That I Used To Know,Gotye,0.865,0.521,0,-6.932,0.0371,0.548,1,0.000115,0.0989,0.748,129.059
Attraction,Sukha,0.691,0.551,7,-7.225,0.0985,0.751,0,9.93e-05,0.105,0.389,91.08
Tere Hawaale,Pritam,0.589,0.522,9,-10.649,0.0391,0.642,1,2.74e-05,0.0992,0.31,109.094
Revenge,XXXTENTACION,0.746,0.251,11,-16.169,0.259,0.782,0,0.00203,0.106,0.18,139.999
Hass Hass,Diljit Dosanjh,0.726,0.804,6,-4.775,0.078,0.0348,0,5.59e-06,0.361,0.644,90.983
Call Me When You Land,Old Sea Brigade,0.688,0.485,5,-10.166,0.031,0.459,1,0.0446,0.44,0.581,116.004
2 Number,Bilal Saeed,0.896,0.835,10,-3.683,0.0816,0.273,0,0.0,0.0606,0.801,125.012
Salad Days,Mac DeMarco,0.431,0.771,5,-7.176,0.0375,0.0877,1,0.0214,0.121,0.772,201.002
My Prime,Navaan Sandhu,0.698,0.765,2,-3.999,0.0597,0.343,0,0.0,0.118,0.523,91.991
Candle In The Wind - 2018 Version,Ed Sheeran,0.549,0.449,4,-10.479,0.0455,0.732,1,0.0,0.117,0.506,76.028
Changing of the Seasons,Two Door Cinema Club,0.542,0.869,2,-4.429,0.135,5.21e-05,1,0.000222,0.115,0.592,130.021
Drag Me Down / As Long As You Love Me,Gardiner Sisters,0.678,0.624,8,-7.507,0.0628,0.0278,1,0.0,0.0909,0.48,137.99
Why Do You Feel So Down,Declan McKenna,0.558,0.909,7,-5.851,0.0406,0.0576,1,0.0,0.102,0.452,114.56
Ep. 1 - Following the Taoist Way,Alan Watts Being in the Way,0.774,0.0263,2,-17.97,0.0559,0.994,1,0.901,0.109,0.313,82.911
Charlies First Kiss,Michael Brook,0.0798,0.00811,0,-28.902,0.0402,0.991,1,0.886,0.0803,0.0394,81.615
"Janiye (from the Netflix Film ""Chor Nikal Ke Bhaga"")",Vishal Mishra,0.578,0.444,8,-11.447,0.0644,0.44,0,0.0,0.146,0.36,76.032
Under the Bridge,Red Hot Chili Peppers,0.559,0.345,4,-13.496,0.0459,0.0576,1,0.000105,0.141,0.458,84.581
Tu hai kahan,AUR,0.708,0.356,1,-9.738,0.075,0.437,1,6.54e-05,0.112,0.569,83.679
Daryaa,Amit Trivedi,0.567,0.526,8,-5.029,0.0251,0.153,1,2.34e-06,0.103,0.231,91.999
Arriving Somewhere But Not Here,Porcupine Tree,0.377,0.789,2,-5.032,0.0504,0.016,0,0.705,0.245,0.048,159.965
Set Fire to the Rain,Adele,0.603,0.67,2,-3.882,0.0249,0.00408,0,1.68e-06,0.112,0.446,107.993
Lie To Me (feat. Julia Michaels),5 Seconds of Summer,0.611,0.52,0,-5.445,0.0346,0.0132,1,0.0,0.105,0.771,159.927
Diet Coke,The Lightyears Explode,0.515,0.908,1,-5.817,0.0393,0.000294,1,0.00999,0.248,0.686,100.007
Safar Uss Raat Ka | Episode 01 | Bhoot Bhulaiya - Hindi Horror Podcast,Bhoot Bhulaiya: A Horror Podcast,0.819,0.651,11,-4.683,0.0392,0.104,0,0.0,0.345,0.729,132.946
Cloud 9,Beach Bunny,0.637,0.929,4,-3.593,0.0491,0.00167,1,2.62e-05,0.344,0.902,80.974
Na Ja,Pav Dharia,0.772,0.649,2,-6.411,0.143,0.0724,1,0.0,0.0761,0.824,90.072
How Is Your Life Today?,Porcupine Tree,0.541,0.142,0,-16.28,0.0368,0.982,0,0.169,0.148,0.0371,150.079
A Horse with No Name,America,0.654,0.506,11,-17.18,0.0535,0.686,0,0.0155,0.155,0.831,123.179
Message In A Bottle,The Police,0.577,0.808,1,-7.04,0.039,0.0338,0,1.33e-05,0.221,0.869,151.008
Got Your Number,The Kooks,0.596,0.937,7,-3.71,0.0505,0.0154,1,8.07e-06,0.0968,0.531,98.986
What I've Done,Linkin Park,0.623,0.93,5,-5.285,0.0324,0.0141,1,1.64e-06,0.138,0.287,120.119
Chan Kithan,Ali Sethi,0.304,0.34,3,-10.029,0.0367,0.961,1,0.231,0.218,0.298,175.991
Undercover Martyn,Two Door Cinema Club,0.446,0.871,2,-4.902,0.116,0.000252,1,8.13e-06,0.0996,0.612,159.863
Peaches (feat. Anne-Marie),Diljit Dosanjh,0.633,0.567,4,-7.296,0.113,0.386,0,0.0,0.069,0.353,85.297
"Kamli (From ""Dhoom:3"")",Pritam,0.58,0.944,7,-4.059,0.106,0.111,0,0.0,0.164,0.698,175.098
Solid,Ammy Virk,0.934,0.727,8,-4.972,0.0566,0.0575,1,5.91e-06,0.12,0.897,127.0
O Pilla Kabooma,Rahul Ramakrishna,0.799,0.454,2,-4.557,0.558,0.883,1,0.0,0.199,0.946,126.837
Someone Like You,Adele,0.556,0.319,9,-8.251,0.0281,0.893,1,0.0,0.0996,0.294,135.187
"Iktara (From ""Wake Up Sid"")",Amit Trivedi,0.616,0.525,7,-7.065,0.0258,0.401,1,0.000484,0.309,0.427,79.976
"Excuse Me Rakshasi - From ""Ninu Veedani Needanu Nene""",Thaman S,0.635,0.661,9,-9.085,0.0681,0.425,0,0.000272,0.116,0.211,182.008
Jatti,Diljit Dosanjh,0.668,0.715,1,-5.854,0.234,0.107,0,0.0,0.132,0.619,167.781
Chemicals - Acoustic,Dean Lewis,0.446,0.239,6,-11.092,0.0435,0.942,1,4.16e-05,0.11,0.575,75.54
Cracker Island (feat. Thundercat),Gorillaz,0.741,0.913,2,-3.34,0.0465,0.00343,0,0.103,0.325,0.643,120.012
Aadat,Atif Aslam,0.63,0.746,0,-6.551,0.0398,0.175,0,0.000836,0.271,0.34,102.954
"Ranam - From ""Ranam""",Jakes Bejoy,0.636,0.734,8,-8.225,0.0756,0.419,1,3.71e-05,0.22,0.635,173.987
Shayad,Pritam,0.483,0.468,8,-7.642,0.0341,0.784,1,0.0,0.152,0.319,135.875
Walking On A Dream,Empire of the Sun,0.871,0.701,5,-5.594,0.0458,0.257,0,7.52e-06,0.0589,0.716,126.975
Aaja,Nucleya,0.762,0.634,0,-7.981,0.0566,0.0152,0,0.0115,0.0985,0.198,92.063
Tennu Le,omer inayat,0.768,0.873,9,-3.213,0.103,0.287,0,1.76e-05,0.114,0.845,102.001
Rock Tha Party,Bombay Rockers,0.831,0.728,8,-4.625,0.0459,0.0865,1,0.0,0.113,0.896,109.977
"Swag Se Swagat (From ""Tiger Zinda Hai"")",Vishal-Shekhar,0.825,0.559,1,-7.907,0.0722,0.0212,1,0.000689,0.205,0.207,105.957
Linger,Freedom Fry,0.439,0.434,7,-14.918,0.0265,0.0783,1,4.87e-05,0.14,0.204,94.845
My Name Is Human,Highly Suspect,0.515,0.698,2,-5.572,0.0279,5.71e-05,0,8.64e-05,0.0827,0.194,139.96
19-2000,Gorillaz,0.815,0.72,7,-7.311,0.0536,0.177,1,7.31e-06,0.16,0.946,89.914
Aabaad Barbaad,Pritam,0.626,0.522,7,-5.857,0.0317,0.686,1,0.0,0.41,0.628,118.001
Cleopatra,The Lumineers,0.536,0.775,8,-6.765,0.0394,0.228,1,0.000143,0.0947,0.485,151.393
Lisztomania,Phoenix,0.64,0.789,0,-6.691,0.0359,0.0338,1,0.00388,0.53,0.311,97.539
Seaside,The Kooks,0.629,0.422,10,-8.542,0.0411,0.705,0,0.0,0.124,0.325,129.456
"Step 25 - Joel Salatin On Nature Laughing Last, The Respect Of Seasons and The Terrible Twos",67 Steps Free Course (₹5000),0.912,0.438,1,-11.714,0.137,0.0103,0,0.0,0.106,0.304,144.99
Broken Glass,The Gathering,0.68,0.752,1,-3.513,0.0801,0.156,0,0.0,0.455,0.341,92.008
Belong,Washed Out,0.533,0.955,1,-2.988,0.177,0.000112,1,0.000234,0.362,0.807,89.015
Chocolate,The 1975,0.614,0.938,11,-4.461,0.0611,0.000532,1,0.0,0.368,0.607,100.058
Dil Na Janeya,Bhavdeep Mudumala,0.791,0.348,10,-9.457,0.0434,0.593,1,1.54e-06,0.097,0.493,131.974
Iraaday,Rovalio,0.737,0.458,6,-5.805,0.0317,0.601,1,6.98e-06,0.138,0.456,89.993
"Chef Vikas Khanna - Underrated Indian Dishes, Personal Life & More | Darr Ke Aage Jeet Hai | TRSH",The Ranveer Show हिंदी,0.644,0.993,6,0.526,0.114,0.391,1,0.000136,0.165,0.586,142.594
Waalian,Harnoor,0.617,0.392,1,-9.295,0.193,0.381,1,0.0,0.1,0.313,84.499
Instant Crush (feat. Julian Casablancas),Daft Punk,0.775,0.585,10,-9.516,0.0271,0.0422,0,0.619,0.077,0.518,109.942
Tera Ban Jaunga,Akhil Sachdeva,0.605,0.53,11,-6.346,0.0246,0.821,1,0.0,0.131,0.397,93.95
The Price,Leprous,0.503,0.56,5,-12.044,0.03,0.0382,1,0.0,0.059,0.548,77.865
Always,Gavin James,0.567,0.466,4,-6.543,0.0298,0.0501,1,0.0,0.0969,0.184,123.284
Nothing on You,B.o.B,0.688,0.853,10,-5.814,0.0493,0.386,1,0.0,0.0862,0.743,103.993
Fuzzybrain,Dayglow,0.488,0.51,7,-8.367,0.026,0.0233,1,0.15,0.143,0.367,104.959
Your Love,The Outfield,0.555,0.757,1,-7.868,0.0601,0.103,0,1.16e-06,0.0631,0.582,129.607
"Tere Hawaale (From ""Laal Singh Chaddha"")",Pritam,0.589,0.522,9,-10.649,0.0391,0.642,1,2.74e-05,0.0992,0.31,109.094
Oh Ho Ho Ho (Remix),Sukhbir,0.676,0.935,5,-3.499,0.0892,0.00917,0,0.0,0.097,0.802,144.944
Honeypie,JAWNY,0.705,0.674,5,-4.644,0.153,0.0543,0,0.0,0.147,0.911,115.01
"Duniyaa (From ""Luka Chuppi"")",Akhil,0.435,0.658,7,-5.949,0.0368,0.699,0,0.0,0.125,0.524,77.17
Salute,Arjan Dhillon,0.648,0.771,4,-6.949,0.0694,0.0123,0,0.0,0.335,0.794,88.063
Zara Sa,Pritam,0.468,0.91,11,-3.057,0.051,0.12,0,0.000304,0.271,0.694,163.842
i'm so tired...,Lauv,0.548,0.735,11,-7.572,0.236,0.173,1,0.0,0.195,0.498,101.252
#117: Premium BAKCHODI with Drew Hicks (Hindi-Speaking American),Untriggered with AminJaz,0.678,0.526,5,-7.292,0.0281,0.329,1,0.0,0.302,0.492,87.005
Jab Tak,Armaan Malik,0.299,0.447,3,-7.862,0.0383,0.858,0,0.000314,0.097,0.321,121.723
Human,Rag'n'Bone Man,0.589,0.885,4,-3.4,0.035,0.545,1,0.0,0.132,0.831,91.01
Inayae - Analogue Mix,Navinesh Kumar,0.34,0.424,2,-7.63,0.0347,0.895,1,0.00851,0.138,0.297,173.621
Tere Sang Yaara,Atif Aslam,0.42,0.551,8,-7.348,0.0374,0.651,1,0.0,0.124,0.554,74.883
How To Love,Sara Farell,0.644,0.661,11,-6.093,0.0418,0.000177,1,5.14e-06,0.108,0.272,154.001
295,Sidhu Moose Wala,0.557,0.794,11,-5.698,0.2,0.179,0,0.0,0.106,0.432,91.366
Grow as We Go,Ben Platt,0.458,0.137,8,-14.083,0.0355,0.882,1,0.0,0.15,0.437,80.824
Bitter Sweet Symphony - Remastered 2016,The Verve,0.356,0.917,9,-6.006,0.0479,0.0335,1,0.0,0.406,0.518,171.176
broken - acoustic,lovelytheband,0.685,0.341,2,-10.434,0.0354,0.798,1,0.0,0.0951,0.42,123.015
Behind The Scenes - Dark Truths About Indian Content Creation | TRS 368,The Ranveer Show,0.5,0.504,5,-5.373,0.0307,0.41,1,0.0,0.167,0.144,129.82
Hurt,Nine Inch Nails,0.534,0.392,9,-7.636,0.0267,0.649,0,0.000227,0.0948,0.163,90.379
Fireproof,One Direction,0.681,0.864,3,-3.276,0.0301,0.00477,1,0.0,0.122,0.921,132.929
Never Fold,Sidhu Moose Wala,0.814,0.786,8,-5.178,0.232,0.069,0,0.0,0.0976,0.797,93.025
Dust in the Wind,Kansas,0.475,0.322,7,-10.687,0.0283,0.367,1,0.00056,0.11,0.387,93.503
Pehla Pyaar,Armaan Malik,0.607,0.713,4,-5.105,0.03,0.56,1,4.98e-05,0.101,0.611,124.868
Still Rollin,Shubh,0.881,0.431,6,-11.093,0.0914,0.182,0,0.0018,0.113,0.246,94.0
Bachke Bachke (feat. Yarah),Karan Aujla,0.665,0.541,3,-5.864,0.0861,0.394,0,0.0,0.393,0.461,88.086
Sun,Two Door Cinema Club,0.76,0.479,2,-5.574,0.0466,0.556,1,0.0,0.0703,0.913,89.911
Issues,Julia Michaels,0.728,0.415,8,-6.852,0.0639,0.401,1,0.0,0.0616,0.455,114.145
Dil Ki Baatein Zakir Khan Bhai Ke Saath | The Ranveer Show हिंदी 123,The Ranveer Show हिंदी,0.613,0.508,7,-8.489,0.0343,0.275,1,8.28e-06,0.0809,0.327,144.106
On the Nature of Daylight,Max Richter,0.065,0.341,10,-12.743,0.0482,0.154,0,0.854,0.109,0.0334,65.38
Yeh Jo Des Hai Tera,A.R. Rahman,0.64,0.357,1,-10.582,0.0321,0.433,1,1.37e-05,0.127,0.148,124.518
Let's Nacho,Nucleya,0.742,0.947,0,-3.749,0.0321,0.0906,1,0.0221,0.0721,0.88,130.043
The Night We Met,Lord Huron,0.544,0.369,2,-9.514,0.038,0.969,1,0.279,0.639,0.102,87.01
Mashooka,MC SQUARE,0.927,0.558,6,-6.947,0.141,0.529,0,0.0,0.227,0.694,110.016
Ajas Gets To Know,Sushin Shyam,0.365,0.715,9,-10.032,0.0423,0.681,0,0.909,0.122,0.155,160.044
"Kalaastar (From ""Honey 3.0"")",Yo Yo Honey Singh,0.812,0.832,1,-3.333,0.0499,0.0659,0,0.0,0.0719,0.594,94.973
Zoro vs Mihawk,Sonya Belousova,0.599,0.76,11,-9.243,0.0271,0.204,0,0.946,0.187,0.507,98.022
Spring,Trifect,0.539,0.846,8,-3.192,0.0354,0.00631,1,1.71e-06,0.13,0.462,106.994
Ajj Din Chadheya,Rahat Fateh Ali Khan,0.53,0.701,9,-4.54,0.0823,0.536,1,8.09e-06,0.118,0.818,171.856
25-25,Arjan Dhillon,0.719,0.656,11,-6.723,0.163,0.0487,0,1.27e-06,0.0884,0.328,90.055
Lovin On Me,Jack Harlow,0.943,0.558,2,-4.911,0.0568,0.0026,1,2.19e-06,0.0937,0.606,104.983
Dariya,Vismay Patel,0.558,0.425,8,-6.615,0.0268,0.728,1,0.0,0.101,0.353,98.908
"Daana Paani (From ""Daana Paani"" Soundtrack)",Amrinder Gill,0.635,0.763,6,-4.415,0.178,0.48,1,0.0,0.377,0.685,99.975
About You,The 1975,0.416,0.762,2,-7.385,0.0279,0.312,1,0.804,0.0559,0.461,95.967
Pahadon Mein,Salman Elahi,0.776,0.477,1,-10.049,0.0308,0.592,1,0.000184,0.105,0.774,115.008
Sunflower - Spider-Man: Into the Spider-Verse,Post Malone,0.76,0.479,2,-5.574,0.0466,0.556,1,0.0,0.0703,0.913,89.911
Take Me Out,Franz Ferdinand,0.277,0.663,4,-8.821,0.0377,0.000409,0,0.00051,0.136,0.527,104.561
Kinni Kinni,Diljit Dosanjh,0.883,0.525,3,-8.391,0.112,0.517,0,0.00046,0.0734,0.608,97.005
Jatt Vailly,Diljit Dosanjh,0.868,0.523,7,-7.487,0.058,0.052,1,1.36e-05,0.22,0.799,98.038
Someone You Loved,Lewis Capaldi,0.501,0.405,1,-5.679,0.0319,0.751,1,0.0,0.105,0.446,109.891
Superfast Jellyfish (feat. Gruff Rhys and De La Soul),Gorillaz,0.705,0.751,7,-4.767,0.287,0.0598,1,2.51e-06,0.907,0.819,80.727
Sajna Ve,Vishal Mishra,0.718,0.755,8,-6.682,0.122,0.559,1,4.7e-05,0.0827,0.808,99.432
Laado,MC SQUARE,0.871,0.548,2,-8.912,0.186,0.669,1,0.000157,0.12,0.652,129.972
Ashtavakra geeta 01,Osho talks,0.567,0.21,3,-16.039,0.274,0.945,1,0.0,0.0866,0.351,134.507
Chosen Ones,Mountains vs. Machines,0.436,0.822,5,-2.967,0.0314,0.000217,1,0.00287,0.325,0.378,85.022
Beyond the Sea,Kina Grannis,0.521,0.516,2,-7.456,0.0369,0.723,0,0.0,0.257,0.569,136.483
7 Minutes,Dean Lewis,0.613,0.739,10,-6.478,0.0311,0.526,1,0.0,0.149,0.712,104.966
Tum Se Hi,Pritam,0.609,0.538,6,-7.842,0.0273,0.328,1,0.0,0.125,0.608,130.015
"Friendship (From ""Deltarune"")",Hyper Potions,0.544,0.924,9,-4.483,0.0374,0.00325,1,0.594,0.236,0.214,92.496
The Power Of HARD WORK | Andrew Tate,Successful,0.433,0.607,5,-7.043,0.322,0.799,1,0.0,0.181,0.76,71.751
Check It Out,Parmish Verma,0.923,0.705,8,-4.548,0.26,0.0992,0,4.12e-06,0.198,0.587,94.022
Yoga Nidra | NSDR For Work Breaks,Soul Space Time,0.341,0.0295,0,-16.19,0.051,0.908,0,0.0186,0.136,0.162,73.239
1980s Horror Film II,Wallows,0.593,0.658,2,-4.957,0.0304,0.0038,1,0.0126,0.0804,0.27,116.021
Tu Jaane Na,Atif Aslam,0.702,0.86,7,-3.969,0.0345,0.361,1,1.33e-06,0.133,0.829,120.042
Steal My Girl,One Direction,0.536,0.768,10,-5.948,0.0347,0.00433,0,0.0,0.114,0.545,77.217
Nosebleed Seats,Vansire,0.55,0.71,4,-8.909,0.0432,0.602,1,0.0816,0.109,0.158,144.276
The Valley of The Pagans (feat. Beck),Gorillaz,0.75,0.856,2,-5.802,0.0457,0.0778,1,3.65e-05,0.117,0.94,130.034
Naina Ki Talwar,MC SQUARE,0.734,0.656,5,-6.395,0.132,0.549,0,0.0,0.0887,0.794,146.071
Ghostride,Crumb,0.665,0.351,2,-9.424,0.0276,0.516,1,0.819,0.109,0.451,87.057
Hoops,Diljit Dosanjh,0.69,0.578,8,-7.345,0.155,0.547,0,0.0,0.0968,0.777,170.092
Muchh,Diljit Dosanjh,0.716,0.872,9,-3.103,0.211,0.0968,1,0.0,0.139,0.769,165.929
Fire Away,Niall Horan,0.559,0.301,9,-9.066,0.0297,0.055,1,0.00979,0.101,0.177,116.123
Just Like a Movie,Wallows,0.449,0.825,11,-5.177,0.037,0.00121,1,0.0,0.208,0.223,135.934
"Yoga Music, Relaxing Music, Calming Music, Stress Relief Music, Peaceful Music, Relax",MEDITATION SELF,0.0706,0.114,0,-21.584,0.0488,0.825,1,0.897,0.114,0.0267,67.293
Ep 73 Soul Reflections Can Everyone BE SUCCESSFUL?: : BK Shivani sister shivani,"Bk Shivani, Sister Shivani, Shivani Didi, Sister Shivani With Suresh Oberoi",0.602,0.618,5,-5.594,0.0337,0.332,1,0.0,0.0924,0.67,139.821
Ramuloo Ramulaa,Anurag Kulkarni,0.663,0.913,5,-4.681,0.152,0.415,0,0.000496,0.158,0.805,187.552
Something,Dayglow,0.427,0.201,8,-13.044,0.0317,0.745,1,0.263,0.109,0.0668,105.218
Fluorescent Adolescent,Arctic Monkeys,0.654,0.828,1,-5.377,0.0281,0.00146,0,0.000144,0.122,0.79,112.056
For Reasons Unknown,The Killers,0.504,0.884,3,-4.214,0.0366,0.000458,1,0.0399,0.108,0.516,140.398
SHRIMAD BHAGWADGITA ADHYAY 01,SHRIMAD BHAGWADGITA,0.687,0.157,3,-15.42,0.228,0.939,1,0.0,0.0854,0.364,136.507
Imagination,Foster The People,0.744,0.642,2,-4.6,0.031,0.115,0,3.95e-05,0.279,0.63,94.988
Chaand Baaliyan,Aditya A,0.729,0.396,0,-8.98,0.0359,0.796,1,0.0,0.104,0.886,97.281
महादेव का प्रतीक,Shiva - Narrated by Jackie Shroff,0.814,0.407,5,-9.649,0.0651,0.649,1,0.0,0.0887,0.698,89.985
Deva Deva,Pritam,0.534,0.721,0,-7.636,0.0427,0.634,1,0.000877,0.1,0.439,112.062
Silent Cat - For Saavn,K.ZIA,0.43,0.0936,11,-16.189,0.0355,0.833,0,0.000127,0.101,0.226,99.189
Tera Yaar Hoon Main,Rochak Kohli,0.559,0.541,10,-5.525,0.0313,0.34,1,4.66e-06,0.102,0.309,83.978
Heathens,Twenty One Pilots,0.732,0.396,4,-9.348,0.0286,0.0841,0,3.58e-05,0.105,0.548,90.024
"Guru Nanak Dev Ki Kahaani, Sikhism Aur Sikh Philosophy ft. Sarbpreet Singh | TRS हिंदी 193",The Ranveer Show हिंदी,0.544,0.673,2,-5.688,0.046,0.769,0,1.57e-05,0.101,0.389,139.803
Ennodu Nee Irundhaal,A.R. Rahman,0.261,0.603,0,-6.733,0.0367,0.558,1,0.0,0.184,0.207,158.125
Track Suit,Diljit Dosanjh,0.701,0.834,5,-4.355,0.202,0.22,0,0.0,0.354,0.782,92.019
Ykwim,Karan Aujla,0.837,0.575,5,-7.971,0.127,0.0361,0,7.23e-06,0.457,0.655,105.015
How To Always Make The Right Decision ,Psychology In Hindi,0.632,0.658,6,-6.617,0.026,0.0121,0,0.0,0.162,0.397,96.984
Piledriver waltz,Alex Turner,0.533,0.748,1,-7.861,0.0285,0.119,1,0.612,0.316,0.343,105.921
Bakhuda Tumhi Ho,Atif Aslam,0.322,0.752,2,-3.457,0.0422,0.633,1,0.0,0.129,0.502,126.967
Why'd You Only Call Me When You're High?,Arctic Monkeys,0.691,0.631,2,-6.478,0.0368,0.0483,1,1.13e-05,0.104,0.8,92.004
King$hit,Gravity,0.891,0.5,6,-10.367,0.319,0.0278,1,0.0,0.0816,0.482,98.036
Ezhutha Kadha,Sushin Shyam,0.296,0.247,0,-13.141,0.0331,0.831,1,0.00375,0.0847,0.346,169.485
"Tere Vaaste (From ""Zara Hatke Zara Bachke"")",Sachin-Jigar,0.762,0.717,7,-8.316,0.0372,0.315,0,1.87e-05,0.0914,0.958,109.996
Hold My Girl,George Ezra,0.614,0.527,10,-6.374,0.0302,0.597,1,0.0,0.11,0.354,121.941
Double Black,Amrit Maan,0.758,0.851,10,-5.375,0.101,0.192,0,0.0,0.0892,0.752,92.039
"Kaadhal En Kaviye - From ""Salmon 3D""",Sid Sriram,0.625,0.34,6,-10.754,0.0371,0.655,1,1.28e-06,0.137,0.396,139.982
Knee Socks,Arctic Monkeys,0.665,0.542,11,-8.323,0.033,0.123,0,0.00291,0.342,0.587,97.975
tere bina,Zaeden,0.744,0.7,2,-7.663,0.0375,0.278,1,0.000155,0.068,0.867,144.033
Ghani Syaani,MC SQUARE,0.788,0.701,2,-3.775,0.195,0.305,1,1.27e-05,0.332,0.591,94.998
Favorite,TroyBoi,0.833,0.639,0,-3.825,0.0881,0.0392,0,4.24e-05,0.162,0.653,146.996
comethru (with Bea Miller),Jeremy Zucker,0.757,0.192,0,-11.842,0.0515,0.572,1,0.0,0.606,0.595,94.024
Safarnama,Lucky Ali,0.541,0.512,9,-10.203,0.0291,0.74,1,0.000528,0.162,0.203,120.036
SPECIALZ,King Gnu,0.566,0.85,6,-4.431,0.0599,0.0663,0,0.0,0.319,0.722,117.048
Wasted,MKTO,0.651,0.827,10,-5.108,0.0319,0.00162,0,0.0902,0.0803,0.851,114.918
Kapil Dev - 1983 World Cup Ki Kahaani Aur Life Updates | Darr Ke Aage Jeet Hai Stories On TRSH 214,The Ranveer Show हिंदी,0.649,0.582,1,-7.577,0.0523,0.434,0,0.0,0.124,0.821,159.909
Peer Pressure,James Bay,0.631,0.715,1,-6.083,0.0277,0.0299,0,0.0,0.122,0.42,135.826
52 Bars,Karan Aujla,0.449,0.779,1,-3.321,0.205,0.000898,0,0.0,0.389,0.433,115.231
Is It Really Me You're Missing,Nina Nesbitt,0.535,0.297,6,-6.043,0.0665,0.653,1,0.0,0.118,0.0492,147.569
Crazy Little Thing Called Love - Remastered 2011,Queen,0.599,0.761,0,-6.887,0.0421,0.713,1,4.74e-06,0.349,0.712,77.015
Neeve,Yazin Nizar,0.749,0.646,2,-9.598,0.0389,0.111,1,0.0426,0.22,0.752,129.996
12,The 1975,0.758,0.793,6,-4.874,0.123,0.132,1,0.0,0.136,0.848,155.894
Dil Se Re,A.R. Rahman,0.844,0.442,9,-16.54,0.0691,0.00882,1,0.000498,0.0879,0.436,105.986
You & Me,James TW,0.714,0.686,11,-6.333,0.0445,0.203,1,7.76e-06,0.102,0.828,127.015
Lay By Me,Ruben,0.461,0.195,10,-7.301,0.0352,0.873,1,0.0,0.11,0.381,110.193
Samjho Na,Aditya Rikhari,0.744,0.328,0,-12.535,0.231,0.681,1,0.0002,0.128,0.532,98.923
Unintended,Muse,0.487,0.279,6,-11.586,0.0265,0.647,0,0.00185,0.11,0.162,139.362
Gulaab,Mitraz,0.839,0.471,7,-8.926,0.0394,0.375,0,0.000346,0.0853,0.563,104.003
What If I Love You,Gatlin,0.743,0.666,11,-8.337,0.0546,0.432,1,1.77e-05,0.129,0.492,101.002
Ranjish Hi Sahi,Ali Sethi,0.654,0.424,11,-9.535,0.0289,0.482,1,2.1e-05,0.139,0.297,130.03
Better Than Today,Rhys Lewis,0.45,0.2,0,-10.747,0.0333,0.786,1,0.0,0.103,0.367,79.784
Mahavir Vani 01,Osho,0.575,0.391,0,-8.696,0.0374,0.654,1,0.0,0.322,0.331,149.525
Satranga,Arijit Singh,0.273,0.405,0,-5.81,0.0298,0.735,1,0.0,0.189,0.534,89.48
Choo Lo,The Local Train,0.512,0.695,4,-6.349,0.0271,0.0265,1,0.00815,0.146,0.351,145.957
I Wanna Dance with Somebody,Megan Davies,0.709,0.824,1,-8.824,0.0453,0.207,1,0.000307,0.0888,0.867,118.818
Maahi Ve,A.R. Rahman,0.604,0.72,5,-7.276,0.0603,0.571,1,1.18e-05,0.12,0.528,130.995
Tareefan,Jordan Sandhu,0.829,0.655,5,-6.26,0.0681,0.0942,0,5.14e-06,0.2,0.335,98.012
Wytb,Karan Aujla,0.59,0.559,11,-13.554,0.3,0.0264,0,0.0,0.0928,0.678,94.648
Rhinestone Eyes,Gorillaz,0.676,0.703,8,-5.815,0.0302,0.0869,0,0.000687,0.0463,0.852,92.761
Humility (feat. George Benson),Gorillaz,0.632,0.807,0,-5.893,0.126,0.144,1,0.0211,0.125,0.784,160.174
Drunk on Halloween,Wallows,0.631,0.634,6,-4.456,0.0247,0.231,1,1.3e-05,0.0924,0.774,100.967
Heroes - 2017 Remaster,David Bowie,0.489,0.758,7,-6.491,0.0297,0.000678,1,0.49,0.092,0.435,112.113
Teenagers,My Chemical Romance,0.463,0.857,4,-3.063,0.0632,0.0506,1,0.0,0.184,0.856,111.647
"Dr. Pal On Gut Health, The Mind-Food Connection & Weight Loss | The Ranveer Show 363",The Ranveer Show,0.565,0.334,4,-13.626,0.0309,0.85,1,0.0,0.632,0.64,124.193
I Write Sins Not Tragedies,Panic! At The Disco,0.566,0.815,9,-4.481,0.14,0.0737,0,0.0,0.12,0.672,169.961
Treat You Better,Shawn Mendes,0.444,0.819,10,-4.078,0.341,0.106,0,0.0,0.107,0.747,82.695
"#403 – Lisa Randall: Dark Matter, Theoretical Physics, and Extinction Events",Lex Fridman Podcast,0.31,0.316,2,-11.656,0.0408,0.296,1,0.726,0.209,0.0331,122.909
Naam Sunuga,Khan Bhaini,0.654,0.661,11,-5.543,0.226,0.456,0,0.0,0.27,0.693,88.008
Lose Yourself,Eminem,0.689,0.735,2,-4.545,0.267,0.00922,1,0.00072,0.365,0.059,171.403
#2054 - Elon Musk ,The Joe Rogan Experience,0.628,0.258,1,-16.072,0.958,0.458,0,0.0,0.582,0.573,82.084
What You Know,Two Door Cinema Club,0.549,0.754,6,-4.011,0.0407,0.000675,0,6.24e-06,0.0912,0.828,139.052
Demeter with Natalie Haynes,The Ancients,0.812,0.743,4,-6.347,0.237,0.247,1,0.00744,0.186,0.63,168.104
Tune Maari Entriyaan,Sohail Sen,0.794,0.865,8,-5.333,0.215,0.149,1,1.38e-05,0.0468,0.779,126.658
Summer High,AP Dhillon,0.86,0.541,1,-6.51,0.0325,0.165,0,0.163,0.0663,0.952,114.984
Khuda Aur Mohabbat (Original Score),Rahat Fateh Ali Khan,0.575,0.477,11,-10.89,0.0524,0.578,0,4.12e-06,0.1,0.523,82.066
"Tera Yaar Hoon Main (From ""Sonu Ke Titu Ki Sweety"")",Arijit Singh,0.559,0.541,10,-5.525,0.0313,0.34,1,4.66e-06,0.102,0.309,83.978
Garam Dharam,The Lightyears Explode,0.198,0.923,11,-5.531,0.0668,0.000572,0,3.99e-05,0.0865,0.439,174.208
Pleaser,Wallows,0.497,0.914,9,-4.308,0.0455,0.126,1,1.98e-05,0.274,0.385,148.893
Boombastic,Shaggy,0.867,0.538,2,-16.183,0.361,0.242,1,1.75e-05,0.316,0.781,158.328
Stylo (feat. Mos Def and Bobby Womack),Gorillaz,0.686,0.751,10,-5.747,0.0604,0.00604,0,0.000849,0.0979,0.851,100.222
Ode to a Conversation Stuck in Your Throat,Del Water Gap,0.57,0.804,11,-6.782,0.0701,0.0598,1,8.96e-05,0.187,0.624,87.533
Aam Jahe Munde,Parmish Verma,0.876,0.575,8,-6.044,0.135,0.308,0,0.0,0.214,0.716,91.989
Tujhe Kitna Chahein Aur (Film Version),Jubin Nautiyal,0.358,0.252,11,-9.51,0.0346,0.604,1,0.0,0.0915,0.284,145.549
Such Keh Raha Hai,KK,0.797,0.306,11,-14.176,0.0487,0.337,0,0.0,0.169,0.519,124.003
Naked,James Arthur,0.529,0.607,6,-6.781,0.0574,0.104,1,0.0,0.0631,0.238,101.966
Can't Help Falling in Love With You,Travis Atreo,0.396,0.293,2,-14.062,0.0275,0.941,1,0.000196,0.105,0.343,100.307
271 Days,Subsignal,0.461,0.646,7,-8.29,0.0443,0.0253,0,0.847,0.0755,0.477,160.248
"India continue to light up CWC23, Harsha Bhogle previews semi-finals",The ICC Review,0.664,0.419,4,-8.365,0.029,0.652,0,0.0,0.0989,0.409,92.053
I Can't Stand It,Blossoms,0.557,0.836,9,-5.479,0.0735,0.00778,1,0.0,0.0624,0.915,150.028
Fly Out West,Yot Club,0.499,0.666,2,-15.61,0.0446,0.417,1,0.461,0.0715,0.405,173.325
"Kumkumala (From ""Brahmastra (Telugu)"")",Pritam,0.584,0.614,0,-7.191,0.032,0.662,1,0.000363,0.11,0.409,94.009
"Uyiril Thodum (From ""Kumbalangi Nights"")",Sushin Shyam,0.656,0.414,4,-9.363,0.0303,0.72,0,0.000374,0.0892,0.267,107.892
Field Day (Part 2),Bruce Soord,0.27,0.229,4,-19.212,0.0443,0.238,0,0.557,0.155,0.0632,89.659
Stolen Dance,Milky Chance,0.884,0.581,11,-8.813,0.0378,0.427,1,0.000206,0.0759,0.728,114.016
Heaven - MTV Unplugged Version,Bryan Adams,0.367,0.332,0,-8.87,0.0331,0.717,1,0.0,0.678,0.344,130.476
Birch Tree,Foals,0.659,0.792,6,-7.101,0.0301,0.0186,0,0.0407,0.102,0.467,108.011
Confident,Demi Lovato,0.741,0.565,5,-5.448,0.108,0.114,0,0.0,0.205,0.892,134.122
Pictures of Girls,Wallows,0.443,0.819,6,-5.502,0.0322,0.000248,1,0.00759,0.0802,0.494,154.958
Feels Like We Only Go Backwards,Tame Impala,0.303,0.9,2,-2.352,0.0574,0.0277,0,0.635,0.11,0.491,149.508
Godfather,Lukasoprom,0.191,0.238,5,-15.301,0.0335,0.918,0,0.947,0.112,0.142,80.629
Buttabomma - Telugu,Armaan Malik,0.666,0.644,11,-8.964,0.145,0.753,0,0.000262,0.124,0.89,115.1
Make Them Wheels Roll,SAFIA,0.731,0.677,7,-5.463,0.0368,0.317,0,0.284,0.112,0.459,95.026
Noor E Khuda,Shankar-Ehsaan-Loy,0.545,0.532,2,-8.407,0.0303,0.708,1,0.00147,0.12,0.216,114.887
Without Me,Eminem,0.908,0.669,7,-2.827,0.0738,0.00286,1,0.0,0.237,0.662,112.238
Inayae - Synthwave Mix,Stan & Sam,0.535,0.533,6,-8.241,0.101,0.38,0,0.0,0.537,0.139,97.96
Don't Fall,Akhil Unnikrishnan (KEL),0.699,0.642,2,-9.842,0.0318,0.00856,1,0.0433,0.355,0.537,139.987
Khudi,The Local Train,0.626,0.79,3,-6.502,0.0397,0.0196,1,8.86e-05,0.106,0.539,127.039
Love Sick,Sidhu Moose Wala,0.824,0.543,4,-8.667,0.209,0.101,0,0.0,0.178,0.548,124.018
The Fire,Bishop Briggs,0.67,0.956,1,-4.381,0.16,0.177,1,3.65e-05,0.726,0.337,173.966
Heartbreaker,Bad Suns,0.466,0.588,5,-10.666,0.0812,0.285,0,9.94e-06,0.0535,0.882,156.131
"Abrar’s Entry | Jamal Kudu (From ""ANIMAL"")",Harshavardhan Rameshwar,0.739,0.584,3,-5.729,0.0758,0.631,1,6.52e-06,0.285,0.753,120.522
Goodie Bag,Still Woozy,0.739,0.522,7,-12.304,0.151,0.821,0,0.00124,0.233,0.619,138.263
On Melancholy Hill,Gorillaz,0.689,0.739,2,-5.81,0.026,1.51e-05,1,0.509,0.064,0.578,120.423
Ghar Bharte,Arjan Dhillon,0.504,0.555,8,-8.046,0.0473,0.105,0,0.0,0.371,0.668,176.143
Bloom (Online Bonus Track),The Paper Kites,0.581,0.421,1,-9.792,0.0245,0.894,1,0.000491,0.119,0.433,95.969
Doobey,OAFF,0.751,0.669,3,-6.532,0.0359,0.342,0,1.31e-05,0.0822,0.359,119.014
Rank 1,Jordan Sandhu,0.693,0.716,9,-5.167,0.0698,0.389,0,0.0,0.425,0.826,141.893
Love Me,The 1975,0.53,0.557,7,-6.373,0.031,0.648,1,0.00029,0.123,0.359,86.983
Rewrite The Stars (with James Arthur & Anne-Marie),James Arthur,0.67,0.743,10,-4.993,0.0393,0.237,1,0.0,0.465,0.571,125.944
शेर क्यों है जंगल का राजा !,SONU SHARMA SHOW,0.832,0.657,7,-7.755,0.209,0.0433,1,2.93e-05,0.0752,0.756,104.007
idontwannabeyouanymore,Billie Eilish,0.483,0.412,7,-8.461,0.0402,0.737,1,0.0,0.116,0.247,170.163
Unholy (feat. Kim Petras),Sam Smith,0.714,0.472,2,-7.375,0.0864,0.013,1,4.51e-06,0.266,0.238,131.121
Starman - 2012 Remaster,David Bowie,0.486,0.449,5,-10.298,0.0267,0.166,1,2.23e-06,0.54,0.549,100.456
Rockabye - Acoustic Version,The Mayries,0.528,0.291,10,-9.696,0.0401,0.914,1,0.0,0.121,0.355,76.805
Hua Main,Raghav Chaitanya,0.371,0.664,5,-5.027,0.0318,0.566,1,2.54e-05,0.159,0.672,187.629
Maiyya Mainu,Sachet Tandon,0.63,0.739,0,-3.942,0.0248,0.194,1,0.0,0.113,0.224,109.985
#017 Sleep Pt.1: 8 Ways It's Killing Us,THE MANLAB,0.692,0.871,1,-3.448,0.106,0.0103,1,0.000435,0.941,0.518,82.985
Arjan Vailly,Manan Bhardwaj,0.532,0.825,3,-3.239,0.0798,0.241,0,0.0,0.31,0.878,75.723
Show Me How,Men I Trust,0.791,0.271,5,-11.959,0.0431,0.672,1,0.543,0.102,0.564,166.002
Ride,Twenty One Pilots,0.645,0.713,6,-5.355,0.0393,0.00835,1,0.0,0.113,0.566,74.989
Na Tum Jano Na Hum,Lucky Ali,0.507,0.519,9,-11.197,0.0451,0.325,1,0.00062,0.0566,0.584,179.461
Tu Jo Mila,Pritam,0.576,0.591,0,-7.725,0.0332,0.795,1,6.85e-05,0.266,0.478,124.013
Hosanna,A.R. Rahman,0.571,0.802,7,-7.201,0.0391,0.28,1,6.43e-05,0.0497,0.596,85.97
Japanese Koto&Violin,arachang,0.455,0.518,11,-9.936,0.0277,0.463,0,0.399,0.336,0.148,74.003
Pumped Up Kicks,Foster The People,0.733,0.71,5,-5.849,0.0292,0.145,0,0.115,0.0956,0.965,127.975
Cough Syrup,Young the Giant,0.534,0.721,11,-7.307,0.0417,0.0343,0,6.24e-06,0.115,0.225,128.978
Stop The World I Wanna Get Off With You,Arctic Monkeys,0.661,0.73,6,-6.779,0.0574,0.0537,0,3.44e-05,0.14,0.53,95.027
P.O.V (Point of View),Karan Aujla,0.72,0.59,6,-6.521,0.335,0.0447,0,0.0,0.116,0.527,91.915
Techno Show,Peach Pit,0.605,0.724,1,-7.729,0.0441,0.121,0,0.431,0.108,0.898,89.403
死ぬのがいいわ,Fujii Kaze,0.6,0.76,6,-6.124,0.0452,0.166,0,4.09e-05,0.189,0.519,158.078
Rather Be,Jasmine Thompson,0.799,0.586,11,-6.735,0.0377,0.162,1,2.03e-06,0.193,0.549,120.97
Pehli Nazar Mein,Atif Aslam,0.488,0.57,9,-5.602,0.0775,0.251,1,0.0,0.107,0.668,169.702
月ひとつ,BASI,0.755,0.594,2,-6.719,0.299,0.644,1,4.26e-06,0.307,0.807,84.002
Remember When,Wallows,0.504,0.708,11,-5.896,0.0343,0.00112,0,0.000424,0.788,0.51,82.009
I Don't Know How To Love,The Drums,0.411,0.89,11,-6.062,0.0436,0.0617,1,0.127,0.227,0.0669,169.97
Funk Song,Kidjaywest,0.856,0.485,4,-8.796,0.209,0.602,0,0.0,0.0864,0.899,102.013
Bombay Dreams (feat. Kavita Seth),KSHMR,0.629,0.821,5,-4.743,0.0466,0.0194,0,0.0176,0.0815,0.458,103.998
Lagoon Chill,Sushin Shyam,0.631,0.0317,9,-20.965,0.0624,0.618,1,0.795,0.106,0.137,76.059
"Geopolitics 101 With Ganeshprasad - BJP Vs Congress, Indian Economy & More | The Ranveer Show 370",The Ranveer Show,0.487,0.675,0,-12.76,0.0648,0.549,1,0.000115,0.428,0.722,125.518
Hukum - Thalaivar Alappara,Anirudh Ravichander,0.723,0.892,2,-5.758,0.164,0.102,1,0.0,0.146,0.533,101.996
COMING ON JUNE 27th!,The Wittering Whitehalls,0.707,0.527,6,-14.845,0.162,0.143,1,0.000274,0.0933,0.185,120.04
Fake Plastic Trees,Radiohead,0.463,0.229,2,-12.592,0.0297,0.167,1,0.0997,0.202,0.135,73.543
Anbae Peranbae,Sid Sriram,0.685,0.561,0,-4.185,0.0298,0.481,0,0.00181,0.16,0.312,90.023
Sweater Weather,The Neighbourhood,0.612,0.807,10,-2.81,0.0336,0.0495,1,0.0177,0.101,0.398,124.053
Mojanda (feat. Wabi Sabi),Joaquín Cornejo,0.453,0.368,7,-14.978,0.0681,0.524,0,0.872,0.118,0.364,90.005
Udd Gaye,Ritviz,0.595,0.817,11,-6.187,0.0474,0.000712,0,0.0386,0.142,0.483,144.961
アイドル,YOASOBI,0.574,0.935,1,-2.783,0.0926,0.112,1,1.07e-06,0.367,0.836,166.008
Still Beating,Mac DeMarco,0.709,0.496,1,-10.528,0.0417,0.581,0,0.191,0.151,0.469,78.477
Fallin Apart,Karan Aujla,0.378,0.572,1,-6.423,0.263,0.257,0,0.0,0.617,0.585,91.233
Blood // Water,grandson,0.51,0.882,8,-5.659,0.159,0.00158,0,0.00206,0.0764,0.653,154.029
A Science-Supported Journaling Protocol to Improve Mental & Physical Health,Huberman Lab,0.609,0.648,5,-9.944,0.0304,0.0911,1,0.796,0.133,0.419,152.048
Be Alright,Dean Lewis,0.553,0.586,11,-6.319,0.0362,0.697,1,0.0,0.0813,0.443,126.684
Daft Pretty Boys,Bad Suns,0.665,0.823,8,-5.686,0.059,0.048,1,0.0,0.0927,0.672,136.992
Let Me Down Slowly,Alec Benjamin,0.652,0.557,1,-5.714,0.0318,0.74,0,0.0,0.124,0.483,150.073
#01: What is Sleep?,The Matt Walker Podcast,0.829,0.683,1,-8.657,0.0641,0.0771,1,0.71,0.0988,0.286,124.995
Too Good At Goodbyes,Sam Smith,0.681,0.372,5,-8.237,0.0432,0.64,1,0.0,0.169,0.476,91.873
Pee Loon,Pritam,0.656,0.721,8,-5.064,0.0364,0.277,1,0.000139,0.188,0.883,83.95
Udh Chaliye,Danny Zee,0.803,0.385,5,-9.391,0.0476,0.538,1,0.0,0.198,0.431,124.962
"Jaane Kyun (From ""Dostana"")",Vishal-Shekhar,0.778,0.812,4,-8.561,0.046,0.0573,0,8.28e-06,0.243,0.791,99.962
What can Rishis see that you can't?,The Devdutt Pattanaik Show | Mirchi,0.464,0.536,9,-11.122,0.127,0.311,1,0.462,0.117,0.0437,140.024
